sensor_id;sensor_type;location;lat;lon;timestamp;P1;P4;P2;P0;N10;N4;N25;N1;N05;TS
29175;SPS30;19918;48.80010380;9.00258013;2020-06-10T00:00:43;10.58;10.58;10.58;10.00;79.89;79.87;79.84;79.50;68.26;0.44
29175;SPS30;19918;48.80010380;9.00258013;2020-06-10T00:03:34;10.64;10.64;10.64;10.06;80.32;80.30;80.27;79.92;68.62;0.43
29175;SPS30;19918;48.80010380;9.00258013;2020-06-10T00:06:18;10.81;10.81;10.81;10.23;81.67;81.65;81.62;81.27;69.78;0.43
29175;SPS30;19918;48.80010380;9.00258013;2020-06-10T00:08:57;10.87;10.87;10.87;10.28;82.08;82.06;82.03;81.67;70.12;0.45
29175;SPS30;19918;48.80010380;9.00258013;2020-06-10T00:11:23;11.39;11.39;11.39;10.77;86.04;86.02;85.99;85.62;73.51;0.44
29175;SPS30;19918;48.80010380;9.00258013;2020-06-10T00:13:49;11.77;11.77;11.77;11.13;88.88;88.86;88.83;88.44;75.94;0.45
29175;SPS30;19918;48.80010380;9.00258013;2020-06-10T00:16:34;11.23;11.23;11.23;10.62;84.78;84.76;84.73;84.36;72.43;0.44
29175;SPS30;19918;48.80010380;9.00258013;2020-06-10T00:19:18;10.69;10.69;10.69;10.11;80.74;80.72;80.69;80.34;68.98;0.45
29175;SPS30;19918;48.80010380;9.00258013;2020-06-10T00:22:02;10.89;10.89;10.89;10.30;82.24;82.22;82.19;81.83;70.26;0.45
29175;SPS30;19918;48.80010380;9.00258013;2020-06-10T00:24:30;11.45;11.45;11.45;10.83;86.46;86.44;86.40;86.03;73.86;0.45
29175;SPS30;19918;48.80010380;9.00258013;2020-06-10T00:27:14;11.10;11.10;11.10;10.50;83.85;83.83;83.80;83.44;71.64;0.43
29175;SPS30;19918;48.80010380;9.00258013;2020-06-10T00:29:58;11.04;11.04;11.04;10.44;83.40;83.38;83.35;82.99;71.26;0.44
29175;SPS30;19918;48.80010380;9.00258013;2020-06-10T00:32:35;10.69;10.69;10.69;10.11;80.75;80.74;80.71;80.35;68.99;0.45
29175;SPS30;19918;48.80010380;9.00258013;2020-06-10T00:35:06;11.30;11.30;11.30;10.69;85.36;85.34;85.31;84.94;72.93;0.44
29175;SPS30;19918;48.80010380;9.00258013;2020-06-10T00:37:32;10.93;10.93;10.93;10.33;82.53;82.51;82.48;82.12;70.51;0.44
29175;SPS30;19918;48.80010380;9.00258013;2020-06-10T00:40:10;10.88;10.88;10.88;10.29;82.19;82.17;82.14;81.79;70.22;0.46
29175;SPS30;19918;48.80010380;9.00258013;2020-06-10T00:42:45;11.61;11.61;11.61;10.98;87.71;87.69;87.66;87.28;74.94;0.44
29175;SPS30;19918;48.80010380;9.00258013;2020-06-10T00:45:11;11.90;11.90;11.90;11.25;89.85;89.83;89.79;89.40;76.76;0.43
29175;SPS30;19918;48.80010380;9.00258013;2020-06-10T00:47:52;11.69;11.69;11.69;11.05;88.26;88.24;88.20;87.82;75.40;0.45
29175;SPS30;19918;48.80010380;9.00258013;2020-06-10T00:50:42;10.97;10.97;10.97;10.37;82.84;82.82;82.79;82.43;70.78;0.45
29175;SPS30;19918;48.80010380;9.00258013;2020-06-10T00:53:19;11.56;11.56;11.56;10.93;87.31;87.29;87.26;86.88;74.59;0.45
29175;SPS30;19918;48.80010380;9.00258013;2020-06-10T00:55:58;12.52;12.52;12.52;11.84;94.54;94.52;94.48;94.07;80.77;0.45
29175;SPS30;19918;48.80010380;9.00258013;2020-06-10T00:58:33;11.58;11.58;11.58;10.95;87.48;87.46;87.43;87.05;74.74;0.45
29175;SPS30;19918;48.80010380;9.00258013;2020-06-10T01:01:06;11.70;11.70;11.70;11.07;88.37;88.35;88.32;87.93;75.50;0.46
29175;SPS30;19918;48.80010380;9.00258013;2020-06-10T01:03:50;11.59;11.59;11.59;10.96;87.56;87.54;87.51;87.13;74.81;0.44
29175;SPS30;19918;48.80010380;9.00258013;2020-06-10T01:06:19;11.75;11.75;11.75;11.11;88.73;88.71;88.68;88.30;75.81;0.45
29175;SPS30;19918;48.80010380;9.00258013;2020-06-10T01:08:45;12.57;12.57;12.57;11.88;94.89;94.87;94.83;94.42;81.07;0.46
29175;SPS30;19918;48.80010380;9.00258013;2020-06-10T01:11:17;13.10;13.10;13.10;12.39;98.95;98.92;98.89;98.46;84.54;0.45
29175;SPS30;19918;48.80010380;9.00258013;2020-06-10T01:13:51;13.19;13.19;13.19;12.48;99.63;99.60;99.57;99.13;85.12;0.45
29175;SPS30;19918;48.80010380;9.00258013;2020-06-10T01:16:35;12.91;12.91;12.91;12.21;97.49;97.47;97.43;97.01;83.29;0.47
29175;SPS30;19918;48.80010380;9.00258013;2020-06-10T01:19:04;13.31;13.31;13.31;12.58;100.48;100.46;100.42;99.99;85.85;0.44
29175;SPS30;19918;48.80010380;9.00258013;2020-06-10T01:21:48;13.54;13.54;13.54;12.81;102.28;102.26;102.22;101.77;87.39;0.45
29175;SPS30;19918;48.80010380;9.00258013;2020-06-10T01:24:16;13.79;13.79;13.79;13.04;104.14;104.12;104.08;103.63;88.98;0.45
29175;SPS30;19918;48.80010380;9.00258013;2020-06-10T01:27:00;13.85;13.85;13.85;13.09;104.56;104.54;104.50;104.04;89.33;0.45
29175;SPS30;19918;48.80010380;9.00258013;2020-06-10T01:29:45;14.07;14.07;14.07;13.31;106.26;106.23;106.19;105.73;90.78;0.45
29175;SPS30;19918;48.80010380;9.00258013;2020-06-10T01:32:31;14.04;14.04;14.04;13.27;106.00;105.98;105.94;105.48;90.56;0.45
29175;SPS30;19918;48.80010380;9.00258013;2020-06-10T01:34:59;13.38;13.38;13.38;12.65;101.04;101.02;100.98;100.54;86.33;0.45
29175;SPS30;19918;48.80010380;9.00258013;2020-06-10T01:37:25;13.75;13.75;13.75;13.00;103.83;103.81;103.77;103.31;88.71;0.44
29175;SPS30;19918;48.80010380;9.00258013;2020-06-10T01:40:02;13.68;13.68;13.68;12.94;103.30;103.28;103.24;102.79;88.26;0.47
29175;SPS30;19918;48.80010380;9.00258013;2020-06-10T01:42:29;12.87;12.87;12.87;12.17;97.21;97.19;97.15;96.73;83.05;0.45
29175;SPS30;19918;48.80010380;9.00258013;2020-06-10T01:45:07;13.49;13.49;13.49;12.75;101.85;101.83;101.79;101.35;87.02;0.45
29175;SPS30;19918;48.80010380;9.00258013;2020-06-10T01:47:34;13.98;13.98;13.98;13.22;105.58;105.56;105.52;105.06;90.21;0.45
29175;SPS30;19918;48.80010380;9.00258013;2020-06-10T01:50:17;13.25;13.25;13.25;12.53;100.07;100.04;100.01;99.57;85.50;0.46
29175;SPS30;19918;48.80010380;9.00258013;2020-06-10T01:53:09;13.75;13.75;13.75;13.00;103.82;103.80;103.76;103.31;88.70;0.46
29175;SPS30;19918;48.80010380;9.00258013;2020-06-10T01:56:01;12.65;12.65;12.65;11.96;95.52;95.50;95.47;95.05;81.61;0.45
29175;SPS30;19918;48.80010380;9.00258013;2020-06-10T01:58:39;13.09;13.09;13.09;12.37;98.82;98.79;98.76;98.33;84.43;0.45
29175;SPS30;19918;48.80010380;9.00258013;2020-06-10T02:01:14;13.31;13.31;13.31;12.58;100.48;100.46;100.42;99.98;85.85;0.45
29175;SPS30;19918;48.80010380;9.00258013;2020-06-10T02:04:06;13.71;13.71;13.71;12.97;103.54;103.51;103.48;103.03;88.46;0.47
29175;SPS30;19918;48.80010380;9.00258013;2020-06-10T02:06:51;13.98;13.98;13.98;13.22;105.55;105.52;105.48;105.03;90.18;0.46
29175;SPS30;19918;48.80010380;9.00258013;2020-06-10T02:09:24;13.72;13.72;13.72;12.98;103.63;103.61;103.57;103.12;88.54;0.46
29175;SPS30;19918;48.80010380;9.00258013;2020-06-10T02:12:13;13.81;13.81;13.81;13.06;104.31;104.28;104.24;103.79;89.12;0.47
29175;SPS30;19918;48.80010380;9.00258013;2020-06-10T02:14:42;13.33;13.33;13.33;12.61;100.66;100.64;100.60;100.16;86.00;0.45
29175;SPS30;19918;48.80010380;9.00258013;2020-06-10T02:17:17;14.16;14.16;14.16;13.39;106.90;106.88;106.84;106.37;91.33;0.45
29175;SPS30;19918;48.80010380;9.00258013;2020-06-10T02:19:43;13.28;13.28;13.28;12.56;100.31;100.28;100.24;99.81;85.70;0.46
29175;SPS30;19918;48.80010380;9.00258013;2020-06-10T02:22:09;13.19;13.19;13.19;12.47;99.61;99.59;99.55;99.12;85.11;0.44
29175;SPS30;19918;48.80010380;9.00258013;2020-06-10T02:24:37;13.12;13.12;13.12;12.41;99.10;99.08;99.04;98.61;84.67;0.44
29175;SPS30;19918;48.80010380;9.00258013;2020-06-10T02:27:03;12.54;12.54;12.54;11.86;94.69;94.67;94.63;94.22;80.90;0.45
29175;SPS30;19918;48.80010380;9.00258013;2020-06-10T02:29:44;12.82;12.82;12.82;12.12;96.80;96.78;96.75;96.33;82.71;0.45
29175;SPS30;19918;48.80010380;9.00258013;2020-06-10T02:32:30;12.73;12.73;12.73;12.04;96.13;96.11;96.07;95.66;82.13;0.46
29175;SPS30;19918;48.80010380;9.00258013;2020-06-10T02:34:58;12.39;12.39;12.39;11.72;93.59;93.56;93.53;93.12;79.96;0.44
29175;SPS30;19918;48.80010380;9.00258013;2020-06-10T02:37:32;12.59;12.59;12.59;11.90;95.05;95.03;94.99;94.58;81.21;0.45
29175;SPS30;19918;48.80010380;9.00258013;2020-06-10T02:40:12;13.10;13.10;13.10;12.39;98.97;98.94;98.91;98.48;84.55;0.45
29175;SPS30;19918;48.80010380;9.00258013;2020-06-10T02:43:04;12.68;12.68;12.68;11.99;95.78;95.76;95.72;95.31;81.83;0.45
29175;SPS30;19918;48.80010380;9.00258013;2020-06-10T02:45:57;12.93;12.93;12.93;12.23;97.67;97.65;97.61;97.18;83.44;0.45
29175;SPS30;19918;48.80010380;9.00258013;2020-06-10T02:48:35;12.62;12.62;12.62;11.93;95.30;95.28;95.25;94.83;81.43;0.44
29175;SPS30;19918;48.80010380;9.00258013;2020-06-10T02:51:01;12.98;12.98;12.98;12.27;98.02;98.00;97.96;97.54;83.75;0.46
29175;SPS30;19918;48.80010380;9.00258013;2020-06-10T02:53:56;13.50;13.50;13.50;12.77;101.99;101.96;101.92;101.48;87.13;0.45
29175;SPS30;19918;48.80010380;9.00258013;2020-06-10T02:56:32;13.52;13.52;13.52;12.78;102.07;102.04;102.00;101.56;87.20;0.47
29175;SPS30;19918;48.80010380;9.00258013;2020-06-10T02:59:17;13.10;13.10;13.10;12.38;98.90;98.88;98.84;98.41;84.50;0.47
29175;SPS30;19918;48.80010380;9.00258013;2020-06-10T03:02:02;13.59;13.59;13.59;12.85;102.64;102.61;102.57;102.13;87.69;0.47
29175;SPS30;19918;48.80010380;9.00258013;2020-06-10T03:04:28;13.53;13.53;13.53;12.80;102.21;102.18;102.14;101.70;87.32;0.45
29175;SPS30;19918;48.80010380;9.00258013;2020-06-10T03:07:23;13.31;13.31;13.31;12.58;100.49;100.47;100.43;99.99;85.85;0.45
29175;SPS30;19918;48.80010380;9.00258013;2020-06-10T03:10:07;12.58;12.58;12.58;11.90;95.00;94.98;94.95;94.53;81.17;0.46
29175;SPS30;19918;48.80010380;9.00258013;2020-06-10T03:12:59;13.11;13.11;13.11;12.40;99.00;98.98;98.94;98.51;84.58;0.47
29175;SPS30;19918;48.80010380;9.00258013;2020-06-10T03:15:43;12.70;12.70;12.70;12.01;95.92;95.90;95.87;95.45;81.95;0.44
29175;SPS30;19918;48.80010380;9.00258013;2020-06-10T03:18:15;12.70;12.70;12.70;12.01;95.92;95.90;95.86;95.45;81.95;0.45
29175;SPS30;19918;48.80010380;9.00258013;2020-06-10T03:20:47;12.89;12.89;12.89;12.19;97.36;97.33;97.30;96.87;83.18;0.45
29175;SPS30;19918;48.80010380;9.00258013;2020-06-10T03:23:17;13.11;13.11;13.11;12.40;99.00;98.97;98.94;98.51;84.58;0.46
29175;SPS30;19918;48.80010380;9.00258013;2020-06-10T03:25:52;13.04;13.04;13.04;12.33;98.50;98.47;98.44;98.01;84.15;0.47
29175;SPS30;19918;48.80010380;9.00258013;2020-06-10T03:28:26;12.89;12.89;12.89;12.19;97.37;97.35;97.32;96.89;83.19;0.44
29175;SPS30;19918;48.80010380;9.00258013;2020-06-10T03:31:18;12.95;12.95;12.95;12.25;97.81;97.79;97.76;97.33;83.57;0.43
29175;SPS30;19918;48.80010380;9.00258013;2020-06-10T03:33:58;12.88;12.88;12.88;12.18;97.26;97.24;97.20;96.78;83.10;0.46
29175;SPS30;19918;48.80010380;9.00258013;2020-06-10T03:36:42;12.66;12.66;12.66;11.97;95.59;95.57;95.53;95.12;81.67;0.48
29175;SPS30;19918;48.80010380;9.00258013;2020-06-10T03:39:11;12.78;12.78;12.78;12.08;96.47;96.45;96.42;96.00;82.43;0.47
29175;SPS30;19918;48.80010380;9.00258013;2020-06-10T03:41:55;13.21;13.21;13.21;12.49;99.77;99.74;99.71;99.27;85.24;0.46
29175;SPS30;19918;48.80010380;9.00258013;2020-06-10T03:44:22;12.66;12.66;12.66;11.98;95.63;95.61;95.58;95.16;81.71;0.47
29175;SPS30;19918;48.80010380;9.00258013;2020-06-10T03:47:05;13.16;13.16;13.16;12.44;99.35;99.33;99.29;98.86;84.88;0.45
29175;SPS30;19918;48.80010380;9.00258013;2020-06-10T03:50:01;12.68;12.68;12.68;11.99;95.73;95.71;95.67;95.25;81.79;0.45
29175;SPS30;19918;48.80010380;9.00258013;2020-06-10T03:52:50;12.89;12.89;12.89;12.19;97.33;97.30;97.27;96.84;83.15;0.45
29175;SPS30;19918;48.80010380;9.00258013;2020-06-10T03:55:48;12.88;12.88;12.88;12.18;97.24;97.22;97.18;96.76;83.08;0.45
29175;SPS30;19918;48.80010380;9.00258013;2020-06-10T03:58:15;12.52;12.52;12.52;11.84;94.55;94.53;94.49;94.08;80.78;0.46
29175;SPS30;19918;48.80010380;9.00258013;2020-06-10T04:00:44;12.58;12.58;12.58;11.89;94.99;94.97;94.93;94.52;81.15;0.46
29175;SPS30;19918;48.80010380;9.00258013;2020-06-10T04:03:28;12.69;12.69;12.69;12.00;95.80;95.77;95.74;95.32;81.85;0.45
29175;SPS30;19918;48.80010380;9.00258013;2020-06-10T04:06:03;13.58;13.58;13.58;12.85;102.59;102.56;102.52;102.08;87.65;0.45
29175;SPS30;19918;48.80010380;9.00258013;2020-06-10T04:08:33;13.44;13.44;13.44;12.71;101.51;101.48;101.45;101.01;86.73;0.45
29175;SPS30;19918;48.80010380;9.00258013;2020-06-10T04:11:31;12.79;12.79;12.79;12.10;96.61;96.59;96.55;96.13;82.54;0.44
29175;SPS30;19918;48.80010380;9.00258013;2020-06-10T04:13:57;13.10;13.10;13.10;12.39;98.94;98.92;98.88;98.45;84.53;0.46
29175;SPS30;19918;48.80010380;9.00258013;2020-06-10T04:16:41;13.17;13.17;13.17;12.45;99.44;99.42;99.38;98.95;84.96;0.45
29175;SPS30;19918;48.80010380;9.00258013;2020-06-10T04:19:07;13.13;13.13;13.13;12.42;99.16;99.14;99.10;98.67;84.72;0.45
29175;SPS30;19918;48.80010380;9.00258013;2020-06-10T04:21:48;13.84;13.84;13.84;13.08;104.48;104.46;104.42;103.96;89.27;0.44
29175;SPS30;19918;48.80010380;9.00258013;2020-06-10T04:24:26;14.03;14.03;14.03;13.27;105.98;105.96;105.92;105.46;90.55;0.46
29175;SPS30;19918;48.80010380;9.00258013;2020-06-10T04:27:03;14.08;14.08;14.08;13.32;106.34;106.31;106.27;105.81;90.85;0.46
29175;SPS30;19918;48.80010380;9.00258013;2020-06-10T04:29:38;14.47;14.47;14.47;13.68;109.27;109.24;109.20;108.73;93.36;0.47
29175;SPS30;19918;48.80010380;9.00258013;2020-06-10T04:32:42;14.75;14.75;14.75;13.95;111.36;111.34;111.29;110.81;95.14;0.46
29175;SPS30;19918;48.80010380;9.00258013;2020-06-10T04:35:26;15.01;15.01;15.01;14.20;113.38;113.36;113.32;112.82;96.87;0.44
29175;SPS30;19918;48.80010380;9.00258013;2020-06-10T04:38:10;15.31;15.31;15.31;14.48;115.60;115.57;115.53;115.03;98.77;0.46
29175;SPS30;19918;48.80010380;9.00258013;2020-06-10T04:40:55;14.85;14.85;14.85;14.04;112.11;112.09;112.04;111.56;95.79;0.46
29175;SPS30;19918;48.80010380;9.00258013;2020-06-10T04:43:59;15.05;15.05;15.05;14.23;113.64;113.61;113.57;113.08;97.09;0.45
29175;SPS30;19918;48.80010380;9.00258013;2020-06-10T04:46:45;14.46;14.46;14.46;13.67;109.17;109.14;109.10;108.63;93.27;0.46
29175;SPS30;19918;48.80010380;9.00258013;2020-06-10T04:49:23;14.55;14.55;14.55;13.76;109.88;109.85;109.81;109.34;93.88;0.45
29175;SPS30;19918;48.80010380;9.00258013;2020-06-10T04:52:08;14.33;14.33;14.33;13.55;108.18;108.16;108.12;107.65;92.43;0.46
29175;SPS30;19918;48.80010380;9.00258013;2020-06-10T04:54:34;14.61;14.61;14.61;13.81;110.30;110.28;110.24;109.76;94.24;0.47
29175;SPS30;19918;48.80010380;9.00258013;2020-06-10T04:57:15;14.92;14.92;14.92;14.11;112.69;112.66;112.62;112.13;96.27;0.46
29175;SPS30;19918;48.80010380;9.00258013;2020-06-10T05:00:04;14.20;14.20;14.20;13.43;107.25;107.23;107.19;106.72;91.63;0.47
29175;SPS30;19918;48.80010380;9.00258013;2020-06-10T05:03:05;14.50;14.50;14.50;13.71;109.52;109.49;109.45;108.98;93.57;0.46
29175;SPS30;19918;48.80010380;9.00258013;2020-06-10T05:05:50;14.63;14.63;14.63;13.83;110.48;110.45;110.41;109.93;94.39;0.45
29175;SPS30;19918;48.80010380;9.00258013;2020-06-10T05:08:42;14.38;14.38;14.38;13.60;108.60;108.57;108.53;108.06;92.78;0.46
29175;SPS30;19918;48.80010380;9.00258013;2020-06-10T05:11:10;15.04;15.04;15.04;14.22;113.57;113.54;113.50;113.01;97.03;0.46
29175;SPS30;19918;48.80010380;9.00258013;2020-06-10T05:13:49;14.94;14.94;14.94;14.13;112.81;112.78;112.74;112.25;96.38;0.46
29175;SPS30;19918;48.80010380;9.00258013;2020-06-10T05:16:26;15.22;15.22;15.22;14.40;114.96;114.93;114.89;114.39;98.22;0.46
29175;SPS30;19918;48.80010380;9.00258013;2020-06-10T05:18:54;14.84;14.84;14.84;14.03;112.06;112.03;111.99;111.50;95.74;0.46
29175;SPS30;19918;48.80010380;9.00258013;2020-06-10T05:21:56;14.61;14.61;14.61;13.82;110.34;110.32;110.28;109.80;94.27;0.45
29175;SPS30;19918;48.80010380;9.00258013;2020-06-10T05:24:33;14.99;14.99;14.99;14.18;113.20;113.17;113.13;112.64;96.71;0.45
29175;SPS30;19918;48.80010380;9.00258013;2020-06-10T05:27:32;14.08;14.08;14.08;13.32;106.33;106.31;106.27;105.80;90.85;0.45
29175;SPS30;19918;48.80010380;9.00258013;2020-06-10T05:30:01;14.38;14.38;14.38;13.60;108.62;108.59;108.55;108.08;92.80;0.46
29175;SPS30;19918;48.80010380;9.00258013;2020-06-10T05:32:40;14.85;14.85;14.85;14.05;112.17;112.14;112.10;111.61;95.83;0.47
29175;SPS30;19918;48.80010380;9.00258013;2020-06-10T05:35:12;14.62;14.62;14.62;13.83;110.44;110.41;110.37;109.89;94.36;0.47
29175;SPS30;19918;48.80010380;9.00258013;2020-06-10T05:37:57;14.44;14.44;14.44;13.66;109.05;109.03;108.99;108.51;93.17;0.46
29175;SPS30;19918;48.80010380;9.00258013;2020-06-10T05:40:42;14.63;14.63;14.63;13.84;110.51;110.48;110.44;109.96;94.41;0.45
29175;SPS30;19918;48.80010380;9.00258013;2020-06-10T05:43:10;14.96;14.96;14.96;14.15;113.01;112.98;112.94;112.45;96.55;0.45
29175;SPS30;19918;48.80010380;9.00258013;2020-06-10T05:45:55;14.38;14.38;14.38;13.60;108.61;108.59;108.55;108.07;92.79;0.46
29175;SPS30;19918;48.80010380;9.00258013;2020-06-10T05:48:39;14.70;14.70;14.70;13.90;110.99;110.96;110.92;110.44;94.83;0.47
29175;SPS30;19918;48.80010380;9.00258013;2020-06-10T05:51:21;14.52;14.52;14.52;13.73;109.62;109.59;109.55;109.07;93.65;0.46
29175;SPS30;19918;48.80010380;9.00258013;2020-06-10T05:54:13;14.33;14.33;14.33;13.56;108.25;108.22;108.18;107.71;92.48;0.46
29175;SPS30;19918;48.80010380;9.00258013;2020-06-10T05:56:48;14.60;14.60;14.60;13.81;110.29;110.27;110.23;109.75;94.23;0.46
29175;SPS30;19918;48.80010380;9.00258013;2020-06-10T05:59:46;14.77;14.77;14.77;13.96;111.52;111.49;111.45;110.97;95.28;0.45
29175;SPS30;19918;48.80010380;9.00258013;2020-06-10T06:02:17;14.99;14.99;14.99;14.17;113.17;113.15;113.10;112.61;96.69;0.46
29175;SPS30;19918;48.80010380;9.00258013;2020-06-10T06:05:20;14.77;14.77;14.77;13.97;111.57;111.54;111.50;111.01;95.32;0.45
29175;SPS30;19918;48.80010380;9.00258013;2020-06-10T06:08:23;15.03;15.03;15.03;14.21;113.47;113.44;113.40;112.91;96.94;0.46
29175;SPS30;19918;48.80010380;9.00258013;2020-06-10T06:11:07;14.60;14.60;14.60;13.80;110.22;110.20;110.16;109.68;94.17;0.47
29175;SPS30;19918;48.80010380;9.00258013;2020-06-10T06:13:43;14.43;14.43;14.43;13.65;108.97;108.95;108.91;108.43;93.10;0.46
29175;SPS30;19918;48.80010380;9.00258013;2020-06-10T06:16:14;15.07;15.07;15.07;14.25;113.80;113.78;113.73;113.24;97.23;0.46
29175;SPS30;19918;48.80010380;9.00258013;2020-06-10T06:18:48;14.15;14.15;14.15;13.39;106.89;106.87;106.83;106.36;91.33;0.45
29175;SPS30;19918;48.80010380;9.00258013;2020-06-10T06:21:16;14.86;14.86;14.85;14.05;112.18;112.16;112.11;111.63;95.84;0.44
29175;SPS30;19918;48.80010380;9.00258013;2020-06-10T06:23:45;14.69;14.69;14.69;13.89;110.90;110.88;110.84;110.36;94.75;0.46
29175;SPS30;19918;48.80010380;9.00258013;2020-06-10T06:26:20;14.70;14.70;14.70;13.90;111.01;110.98;110.94;110.46;94.84;0.46
29175;SPS30;19918;48.80010380;9.00258013;2020-06-10T06:28:46;14.64;14.64;14.64;13.85;110.57;110.55;110.50;110.02;94.47;0.46
29175;SPS30;19918;48.80010380;9.00258013;2020-06-10T06:31:14;14.72;14.72;14.72;13.92;111.13;111.11;111.07;110.58;94.95;0.46
29175;SPS30;19918;48.80010380;9.00258013;2020-06-10T06:33:43;14.25;14.25;14.25;13.48;107.61;107.58;107.54;107.07;91.94;0.45
29175;SPS30;19918;48.80010380;9.00258013;2020-06-10T06:36:30;14.74;14.74;14.74;13.94;111.34;111.32;111.28;110.79;95.13;0.47
29175;SPS30;19918;48.80010380;9.00258013;2020-06-10T06:39:08;14.54;14.54;14.54;13.75;109.78;109.75;109.71;109.23;93.79;0.45
29175;SPS30;19918;48.80010380;9.00258013;2020-06-10T06:42:03;14.73;14.73;14.73;13.93;111.27;111.25;111.21;110.72;95.07;0.46
29175;SPS30;19918;48.80010380;9.00258013;2020-06-10T06:44:29;14.46;14.46;14.46;13.68;109.23;109.21;109.17;108.69;93.33;0.45
29175;SPS30;19918;48.80010380;9.00258013;2020-06-10T06:47:13;13.95;13.95;13.95;13.19;105.32;105.30;105.26;104.80;89.99;0.47
29175;SPS30;19918;48.80010380;9.00258013;2020-06-10T06:49:58;14.60;14.60;14.60;13.81;110.25;110.23;110.19;109.71;94.20;0.45
29175;SPS30;19918;48.80010380;9.00258013;2020-06-10T06:52:45;14.13;14.13;14.13;13.36;106.72;106.69;106.65;106.19;91.18;0.47
29175;SPS30;19918;48.80010380;9.00258013;2020-06-10T06:55:26;14.33;14.33;14.33;13.55;108.24;108.22;108.17;107.70;92.48;0.46
29175;SPS30;19918;48.80010380;9.00258013;2020-06-10T06:57:52;13.94;13.94;13.94;13.18;105.27;105.24;105.20;104.75;89.94;0.44
29175;SPS30;19918;48.80010380;9.00258013;2020-06-10T07:00:30;14.67;14.67;14.67;13.88;110.81;110.79;110.75;110.26;94.67;0.45
29175;SPS30;19918;48.80010380;9.00258013;2020-06-10T07:03:11;14.46;14.46;14.46;13.67;109.20;109.18;109.14;108.66;93.30;0.45
29175;SPS30;19918;48.80010380;9.00258013;2020-06-10T07:05:43;13.42;13.42;13.42;12.69;101.32;101.30;101.26;100.82;86.56;0.46
29175;SPS30;19918;48.80010380;9.00258013;2020-06-10T07:08:27;14.68;14.68;14.68;13.88;110.83;110.80;110.76;110.28;94.69;0.46
29175;SPS30;19918;48.80010380;9.00258013;2020-06-10T07:10:59;14.82;14.82;14.82;14.01;111.90;111.87;111.83;111.35;95.60;0.45
29175;SPS30;19918;48.80010380;9.00258013;2020-06-10T07:13:43;13.99;13.99;13.99;13.23;105.66;105.63;105.59;105.14;90.27;0.46
29175;SPS30;19918;48.80010380;9.00258013;2020-06-10T07:16:12;14.14;14.14;14.14;13.38;106.82;106.79;106.75;106.29;91.26;0.45
29175;SPS30;19918;48.80010380;9.00258013;2020-06-10T07:18:38;14.76;14.76;14.76;13.96;111.46;111.44;111.40;110.91;95.23;0.46
29175;SPS30;19918;48.80010380;9.00258013;2020-06-10T07:21:07;14.31;14.31;14.31;13.53;108.04;108.02;107.98;107.51;92.31;0.45
29175;SPS30;19918;48.80010380;9.00258013;2020-06-10T07:23:50;14.39;14.39;14.38;13.60;108.63;108.61;108.57;108.09;92.81;0.44
29175;SPS30;19918;48.80010380;9.00258013;2020-06-10T07:26:26;14.46;14.46;14.46;13.68;109.23;109.20;109.16;108.69;93.32;0.45
29175;SPS30;19918;48.80010380;9.00258013;2020-06-10T07:28:58;14.61;14.61;14.61;13.81;110.31;110.29;110.24;109.76;94.25;0.44
29175;SPS30;19918;48.80010380;9.00258013;2020-06-10T07:31:43;14.95;14.95;14.95;14.14;112.92;112.89;112.85;112.36;96.48;0.45
29175;SPS30;19918;48.80010380;9.00258013;2020-06-10T07:34:29;14.21;14.21;14.21;13.44;107.34;107.31;107.27;106.81;91.71;0.46
29175;SPS30;19918;48.80010380;9.00258013;2020-06-10T07:37:22;14.50;14.50;14.50;13.71;109.49;109.46;109.42;108.95;93.54;0.46
29175;SPS30;19918;48.80010380;9.00258013;2020-06-10T07:40:06;14.28;14.28;14.28;13.50;107.82;107.79;107.75;107.28;92.12;0.46
29175;SPS30;19918;48.80010380;9.00258013;2020-06-10T07:42:51;15.13;15.13;15.13;14.31;114.27;114.25;114.20;113.71;97.63;0.46
29175;SPS30;19918;48.80010380;9.00258013;2020-06-10T07:45:26;16.00;16.00;16.00;15.13;120.84;120.81;120.76;120.24;103.24;0.47
29175;SPS30;19918;48.80010380;9.00258013;2020-06-10T07:48:10;15.96;15.96;15.96;15.09;120.54;120.51;120.46;119.94;102.98;0.47
29175;SPS30;19918;48.80010380;9.00258013;2020-06-10T07:50:42;15.97;15.97;15.97;15.11;120.64;120.61;120.56;120.04;103.07;0.48
29175;SPS30;19918;48.80010380;9.00258013;2020-06-10T07:53:26;17.00;17.00;17.00;16.08;128.38;128.35;128.30;127.74;109.68;0.49
29175;SPS30;19918;48.80010380;9.00258013;2020-06-10T07:55:52;16.74;16.74;16.74;15.83;126.45;126.42;126.37;125.82;108.03;0.49
29175;SPS30;19918;48.80010380;9.00258013;2020-06-10T07:58:30;16.36;16.36;16.36;15.47;123.54;123.51;123.46;122.92;105.55;0.47
29175;SPS30;19918;48.80010380;9.00258013;2020-06-10T08:01:18;17.03;17.03;17.03;16.10;128.60;128.57;128.52;127.96;109.87;0.47
29175;SPS30;19918;48.80010380;9.00258013;2020-06-10T08:04:02;17.29;17.29;17.29;16.35;130.58;130.55;130.50;129.93;111.56;0.48
29175;SPS30;19918;48.80010380;9.00258013;2020-06-10T08:06:29;17.13;17.12;17.09;16.11;128.69;128.66;128.60;128.00;109.85;0.50
29175;SPS30;19918;48.80010380;9.00258013;2020-06-10T08:09:24;17.15;17.15;17.15;16.22;129.49;129.46;129.41;128.85;110.63;0.48
29175;SPS30;19918;48.80010380;9.00258013;2020-06-10T08:12:09;16.93;16.93;16.93;16.01;127.88;127.85;127.81;127.25;109.26;0.47
29175;SPS30;19918;48.80010380;9.00258013;2020-06-10T08:14:38;16.74;16.74;16.73;15.82;126.32;126.29;126.24;125.68;107.90;0.50
29175;SPS30;19918;48.80010380;9.00258013;2020-06-10T08:17:11;16.38;16.38;16.35;15.43;123.24;123.22;123.16;122.60;105.22;0.50
29175;SPS30;19918;48.80010380;9.00258013;2020-06-10T08:19:37;16.38;16.38;16.38;15.49;123.66;123.64;123.59;123.05;105.66;0.47
29175;SPS30;19918;48.80010380;9.00258013;2020-06-10T08:22:22;16.61;16.61;16.61;15.70;125.40;125.38;125.33;124.78;107.14;0.47
29175;SPS30;19918;48.80010380;9.00258013;2020-06-10T08:25:14;16.45;16.45;16.45;15.56;124.25;124.22;124.18;123.64;106.16;0.48
29175;SPS30;19918;48.80010380;9.00258013;2020-06-10T08:28:00;16.22;16.22;16.22;15.34;122.52;122.49;122.44;121.91;104.67;0.47
29175;SPS30;19918;48.80010380;9.00258013;2020-06-10T08:30:44;15.92;15.92;15.92;15.06;120.25;120.22;120.18;119.66;102.74;0.47
29175;SPS30;19918;48.80010380;9.00258013;2020-06-10T08:33:39;15.87;15.87;15.87;15.01;119.83;119.80;119.76;119.24;102.38;0.46
29175;SPS30;19918;48.80010380;9.00258013;2020-06-10T08:36:17;16.72;16.72;16.72;15.81;126.28;126.25;126.21;125.66;107.89;0.48
29175;SPS30;19918;48.80010380;9.00258013;2020-06-10T08:39:09;16.52;16.52;16.52;15.62;124.73;124.70;124.65;124.11;106.56;0.46
29175;SPS30;19918;48.80010380;9.00258013;2020-06-10T08:41:55;15.53;15.53;15.53;14.69;117.30;117.27;117.22;116.72;100.21;0.46
29175;SPS30;19918;48.80010380;9.00258013;2020-06-10T08:44:39;15.34;15.34;15.34;14.50;115.82;115.80;115.75;115.25;98.96;0.46
29175;SPS30;19918;48.80010380;9.00258013;2020-06-10T08:47:08;15.21;15.21;15.21;14.39;114.90;114.87;114.83;114.33;98.17;0.47
29175;SPS30;19918;48.80010380;9.00258013;2020-06-10T08:49:40;14.37;14.37;14.37;13.59;108.49;108.47;108.43;107.95;92.69;0.49
29175;SPS30;19918;48.80010380;9.00258013;2020-06-10T08:52:24;14.56;14.56;14.56;13.77;109.99;109.96;109.92;109.44;93.97;0.47
29175;SPS30;19918;48.80010380;9.00258013;2020-06-10T08:55:00;13.03;13.03;13.03;12.32;98.41;98.39;98.35;97.92;84.08;0.44
29175;SPS30;19918;48.80010380;9.00258013;2020-06-10T08:57:44;13.17;13.17;13.17;12.45;99.43;99.41;99.37;98.94;84.95;0.45
29175;SPS30;19918;48.80010380;9.00258013;2020-06-10T09:00:13;12.26;12.26;12.26;11.60;92.61;92.59;92.56;92.16;79.13;0.45
29175;SPS30;19918;48.80010380;9.00258013;2020-06-10T09:02:58;11.48;11.48;11.48;10.86;86.71;86.69;86.65;86.28;74.08;0.46
29175;SPS30;19918;48.80010380;9.00258013;2020-06-10T09:05:27;11.14;11.14;11.14;10.54;84.14;84.12;84.09;83.73;71.89;0.48
29175;SPS30;19918;48.80010380;9.00258013;2020-06-10T09:08:19;11.36;11.36;11.36;10.75;85.81;85.79;85.76;85.38;73.31;0.46
29175;SPS30;19918;48.80010380;9.00258013;2020-06-10T09:11:03;11.12;11.12;11.12;10.51;83.96;83.94;83.91;83.54;71.73;0.45
29175;SPS30;19918;48.80010380;9.00258013;2020-06-10T09:13:30;11.18;11.18;11.18;10.58;84.46;84.44;84.40;84.04;72.16;0.43
29175;SPS30;19918;48.80010380;9.00258013;2020-06-10T09:16:14;11.22;11.22;11.22;10.61;84.70;84.68;84.64;84.28;72.36;0.45
29175;SPS30;19918;48.80010380;9.00258013;2020-06-10T09:18:58;11.36;11.36;11.36;10.74;85.81;85.79;85.75;85.38;73.31;0.48
29175;SPS30;19918;48.80010380;9.00258013;2020-06-10T09:21:24;12.13;12.13;12.13;11.48;91.64;91.62;91.58;91.18;78.29;0.47
29175;SPS30;19918;48.80010380;9.00258013;2020-06-10T09:23:50;12.25;12.25;12.25;11.59;92.53;92.51;92.47;92.07;79.05;0.44
29175;SPS30;19918;48.80010380;9.00258013;2020-06-10T09:26:49;11.98;11.98;11.98;11.33;90.48;90.46;90.43;90.04;77.31;0.45
29175;SPS30;19918;48.80010380;9.00258013;2020-06-10T09:29:33;11.60;11.60;11.60;10.97;87.63;87.61;87.57;87.19;74.87;0.47
29175;SPS30;19918;48.80010380;9.00258013;2020-06-10T09:32:02;11.34;11.34;11.34;10.72;85.61;85.59;85.56;85.18;73.14;0.45
29175;SPS30;19918;48.80010380;9.00258013;2020-06-10T09:34:38;11.43;11.43;11.43;10.81;86.31;86.29;86.25;85.88;73.74;0.46
29175;SPS30;19918;48.80010380;9.00258013;2020-06-10T09:37:23;11.86;11.86;11.86;11.21;89.54;89.52;89.48;89.09;76.50;0.47
29175;SPS30;19918;48.80010380;9.00258013;2020-06-10T09:40:07;12.06;12.06;12.06;11.41;91.11;91.09;91.05;90.66;77.84;0.48
29175;SPS30;19918;48.80010380;9.00258013;2020-06-10T09:42:44;12.53;12.53;12.53;11.85;94.59;94.57;94.54;94.13;80.82;0.47
29175;SPS30;19918;48.80010380;9.00258013;2020-06-10T09:45:15;13.38;13.36;13.28;12.47;99.59;99.57;99.51;98.98;84.86;0.49
29175;SPS30;19918;48.80010380;9.00258013;2020-06-10T09:47:41;13.67;13.67;13.67;12.92;103.21;103.18;103.14;102.70;88.18;0.48
29175;SPS30;19918;48.80010380;9.00258013;2020-06-10T09:50:39;13.97;13.97;13.97;13.21;105.47;105.44;105.40;104.95;90.11;0.47
29175;SPS30;19918;48.80010380;9.00258013;2020-06-10T09:53:23;14.50;14.50;14.50;13.71;109.49;109.47;109.42;108.95;93.55;0.47
29175;SPS30;19918;48.80010380;9.00258013;2020-06-10T09:56:09;15.42;15.42;15.42;14.58;116.43;116.41;116.36;115.86;99.48;0.48
29175;SPS30;19918;48.80010380;9.00258013;2020-06-10T09:58:45;16.37;16.35;16.21;15.16;121.12;121.09;121.01;120.31;103.08;0.50
29175;SPS30;19918;48.80010380;9.00258013;2020-06-10T10:01:23;16.07;16.07;16.07;15.20;121.39;121.36;121.32;120.79;103.71;0.48
29175;SPS30;19918;48.80010380;9.00258013;2020-06-10T10:03:55;16.43;16.43;16.43;15.53;124.05;124.02;123.98;123.44;105.99;0.46
29175;SPS30;19918;48.80010380;9.00258013;2020-06-10T10:06:39;15.58;15.58;15.58;14.74;117.69;117.66;117.62;117.11;100.55;0.47
29175;SPS30;19918;48.80010380;9.00258013;2020-06-10T10:09:24;15.58;15.58;15.58;14.73;117.62;117.60;117.55;117.04;100.49;0.49
29175;SPS30;19918;48.80010380;9.00258013;2020-06-10T10:12:09;16.63;16.61;16.50;15.47;123.59;123.56;123.49;122.82;105.28;0.50
29175;SPS30;19918;48.80010380;9.00258013;2020-06-10T10:14:44;16.24;16.24;16.24;15.35;122.61;122.59;122.54;122.01;104.76;0.47
29175;SPS30;19918;48.80010380;9.00258013;2020-06-10T10:17:29;17.40;17.40;17.40;16.45;131.39;131.36;131.31;130.74;112.26;0.47
29175;SPS30;19918;48.80010380;9.00258013;2020-06-10T10:20:07;17.15;17.15;17.15;16.22;129.52;129.49;129.44;128.88;110.66;0.49
29175;SPS30;19918;48.80010380;9.00258013;2020-06-10T10:22:48;18.32;18.26;18.00;16.71;133.45;133.41;133.30;132.40;113.25;0.51
29175;SPS30;19918;48.80010380;9.00258013;2020-06-10T10:25:14;18.66;18.66;18.65;17.62;140.70;140.66;140.61;139.98;120.17;0.49
29175;SPS30;19918;48.80010380;9.00258013;2020-06-10T10:27:59;19.38;19.34;19.11;17.80;142.22;142.18;142.07;141.18;120.85;0.51
29175;SPS30;19918;48.80010380;9.00258013;2020-06-10T10:30:34;18.44;18.44;18.44;17.44;139.28;139.25;139.20;138.59;119.00;0.49
29175;SPS30;19918;48.80010380;9.00258013;2020-06-10T10:33:08;19.02;19.02;19.00;17.94;143.26;143.23;143.17;142.52;122.34;0.49
29175;SPS30;19918;48.80010380;9.00258013;2020-06-10T10:35:53;19.95;19.94;19.89;18.75;149.73;149.69;149.62;148.91;127.78;0.50
29175;SPS30;19918;48.80010380;9.00258013;2020-06-10T10:38:38;21.26;21.25;21.21;20.00;159.72;159.68;159.61;158.86;136.33;0.50
29175;SPS30;19918;48.80010380;9.00258013;2020-06-10T10:41:22;20.56;20.55;20.50;19.34;154.44;154.40;154.34;153.61;131.82;0.50
29175;SPS30;19918;48.80010380;9.00258013;2020-06-10T10:43:57;20.62;20.62;20.62;19.50;155.73;155.70;155.64;154.96;133.05;0.47
29175;SPS30;19918;48.80010380;9.00258013;2020-06-10T10:46:42;20.91;20.90;20.87;19.70;157.29;157.25;157.19;156.47;134.29;0.50
29175;SPS30;19918;48.80010380;9.00258013;2020-06-10T10:49:25;20.43;20.43;20.43;19.31;154.19;154.16;154.10;153.42;131.72;0.49
29175;SPS30;19918;48.80010380;9.00258013;2020-06-10T10:52:09;19.70;19.70;19.70;18.63;148.78;148.75;148.69;148.05;127.12;0.48
29175;SPS30;19918;48.80010380;9.00258013;2020-06-10T10:55:01;19.95;19.95;19.95;18.86;150.61;150.57;150.52;149.86;128.67;0.49
29175;SPS30;19918;48.80010380;9.00258013;2020-06-10T10:57:30;19.24;19.24;19.24;18.19;145.29;145.25;145.20;144.57;124.13;0.48
29175;SPS30;19918;48.80010380;9.00258013;2020-06-10T11:00:08;19.02;19.02;19.02;17.99;143.64;143.61;143.55;142.93;122.72;0.47
29175;SPS30;19918;48.80010380;9.00258013;2020-06-10T11:02:53;19.09;19.08;19.03;17.92;143.15;143.12;143.05;142.36;122.14;0.49
29175;SPS30;19918;48.80010380;9.00258013;2020-06-10T11:05:48;18.66;18.66;18.66;17.65;140.94;140.91;140.85;140.24;120.41;0.48
29175;SPS30;19918;48.80010380;9.00258013;2020-06-10T11:08:34;18.46;18.46;18.46;17.46;139.39;139.36;139.31;138.70;119.09;0.47
29175;SPS30;19918;48.80010380;9.00258013;2020-06-10T11:11:00;18.15;18.15;18.15;17.16;137.04;137.00;136.95;136.36;117.08;0.49
29175;SPS30;19918;48.80010380;9.00258013;2020-06-10T11:13:39;18.36;18.35;18.32;17.28;137.97;137.94;137.88;137.24;117.77;0.49
29175;SPS30;19918;48.80010380;9.00258013;2020-06-10T11:16:23;18.63;18.62;18.62;17.60;140.59;140.56;140.50;139.89;120.10;0.48
29175;SPS30;19918;48.80010380;9.00258013;2020-06-10T11:19:06;18.81;18.81;18.81;17.78;142.01;141.98;141.93;141.31;121.33;0.47
29175;SPS30;19918;48.80010380;9.00258013;2020-06-10T11:22:02;18.05;18.04;17.99;16.95;135.38;135.34;135.28;134.63;115.51;0.49
29175;SPS30;19918;48.80010380;9.00258013;2020-06-10T11:24:36;17.76;17.76;17.76;16.79;134.12;134.09;134.04;133.45;114.59;0.48
29175;SPS30;19918;48.80010380;9.00258013;2020-06-10T11:27:21;17.77;17.77;17.77;16.80;134.16;134.13;134.08;133.49;114.62;0.46
29175;SPS30;19918;48.80010380;9.00258013;2020-06-10T11:30:06;17.20;17.19;17.19;16.24;129.71;129.68;129.63;129.06;110.80;0.48
29175;SPS30;19918;48.80010380;9.00258013;2020-06-10T11:32:54;16.89;16.89;16.89;15.98;127.58;127.55;127.50;126.94;109.00;0.48
29175;SPS30;19918;48.80010380;9.00258013;2020-06-10T11:35:24;16.80;16.80;16.80;15.88;126.83;126.80;126.76;126.20;108.36;0.49
29175;SPS30;19918;48.80010380;9.00258013;2020-06-10T11:37:52;17.07;17.07;17.07;16.15;128.94;128.91;128.87;128.31;110.17;0.47
29175;SPS30;19918;48.80010380;9.00258013;2020-06-10T11:40:37;17.01;17.01;17.01;16.09;128.48;128.45;128.40;127.85;109.77;0.47
29175;SPS30;19918;48.80010380;9.00258013;2020-06-10T11:43:03;16.94;16.94;16.94;16.01;127.89;127.86;127.81;127.26;109.27;0.48
29175;SPS30;19918;48.80010380;9.00258013;2020-06-10T11:45:32;16.87;16.87;16.87;15.95;127.40;127.37;127.32;126.77;108.84;0.48
29175;SPS30;19918;48.80010380;9.00258013;2020-06-10T11:48:18;16.58;16.58;16.58;15.68;125.21;125.18;125.13;124.59;106.97;0.48
29175;SPS30;19918;48.80010380;9.00258013;2020-06-10T11:50:46;16.20;16.20;16.20;15.32;122.35;122.33;122.28;121.75;104.54;0.48
29175;SPS30;19918;48.80010380;9.00258013;2020-06-10T11:53:12;16.86;16.86;16.86;15.95;127.34;127.31;127.26;126.71;108.79;0.47
29175;SPS30;19918;48.80010380;9.00258013;2020-06-10T11:55:41;16.68;16.68;16.65;15.71;125.46;125.43;125.38;124.80;107.11;0.48
29175;SPS30;19918;48.80010380;9.00258013;2020-06-10T11:58:13;16.88;16.88;16.88;15.96;127.44;127.41;127.36;126.81;108.88;0.47
29175;SPS30;19918;48.80010380;9.00258013;2020-06-10T12:00:48;16.98;16.98;16.95;15.99;127.72;127.69;127.63;127.04;109.03;0.49
29175;SPS30;19918;48.80010380;9.00258013;2020-06-10T12:03:14;17.35;17.35;17.35;16.41;131.01;130.98;130.93;130.37;111.93;0.49
29175;SPS30;19918;48.80010380;9.00258013;2020-06-10T12:06:15;17.62;17.62;17.62;16.66;133.04;133.00;132.95;132.38;113.66;0.47
29175;SPS30;19918;48.80010380;9.00258013;2020-06-10T12:08:48;17.68;17.68;17.68;16.72;133.48;133.45;133.40;132.82;114.05;0.47
29175;SPS30;19918;48.80010380;9.00258013;2020-06-10T12:11:41;16.97;16.97;16.97;16.05;128.14;128.11;128.06;127.50;109.47;0.47
29175;SPS30;19918;48.80010380;9.00258013;2020-06-10T12:14:16;16.51;16.51;16.51;15.61;124.69;124.67;124.62;124.08;106.54;0.48
29175;SPS30;19918;48.80010380;9.00258013;2020-06-10T12:17:00;15.68;15.68;15.68;14.83;118.40;118.37;118.32;117.81;101.15;0.46
29175;SPS30;19918;48.80010380;9.00258013;2020-06-10T12:19:45;16.43;16.43;16.43;15.54;124.06;124.03;123.99;123.45;105.99;0.47
29175;SPS30;19918;48.80010380;9.00258013;2020-06-10T12:22:30;16.14;16.14;16.14;15.26;121.86;121.83;121.78;121.25;104.11;0.49
29175;SPS30;19918;48.80010380;9.00258013;2020-06-10T12:25:14;16.19;16.19;16.19;15.31;122.23;122.20;122.16;121.63;104.43;0.48
29175;SPS30;19918;48.80010380;9.00258013;2020-06-10T12:27:56;16.42;16.42;16.42;15.53;124.02;123.99;123.95;123.41;105.96;0.48
29175;SPS30;19918;48.80010380;9.00258013;2020-06-10T12:30:36;16.33;16.33;16.33;15.44;123.29;123.27;123.22;122.68;105.34;0.48
29175;SPS30;19918;48.80010380;9.00258013;2020-06-10T12:33:21;16.47;16.47;16.47;15.58;124.40;124.37;124.32;123.78;106.28;0.47
29175;SPS30;19918;48.80010380;9.00258013;2020-06-10T12:35:56;16.00;16.00;16.00;15.13;120.84;120.82;120.77;120.25;103.25;0.47
29175;SPS30;19918;48.80010380;9.00258013;2020-06-10T12:38:40;16.79;16.79;16.79;15.88;126.80;126.77;126.72;126.17;108.34;0.46
29175;SPS30;19918;48.80010380;9.00258013;2020-06-10T12:41:26;16.89;16.89;16.89;15.97;127.52;127.49;127.44;126.89;108.95;0.47
29175;SPS30;19918;48.80010380;9.00258013;2020-06-10T12:43:55;16.38;16.38;16.38;15.49;123.67;123.64;123.60;123.06;105.66;0.46
29175;SPS30;19918;48.80010380;9.00258013;2020-06-10T12:46:39;16.69;16.69;16.69;15.78;126.02;125.99;125.94;125.40;107.67;0.46
29175;SPS30;19918;48.80010380;9.00258013;2020-06-10T12:49:24;16.66;16.66;16.66;15.76;125.85;125.82;125.77;125.22;107.52;0.46
29175;SPS30;19918;48.80010380;9.00258013;2020-06-10T12:51:56;16.11;16.11;16.11;15.24;121.68;121.65;121.60;121.07;103.96;0.48
29175;SPS30;19918;48.80010380;9.00258013;2020-06-10T12:54:22;16.37;16.37;16.37;15.48;123.61;123.58;123.54;123.00;105.61;0.49
29175;SPS30;19918;48.80010380;9.00258013;2020-06-10T12:56:53;16.67;16.67;16.67;15.76;125.85;125.83;125.78;125.23;107.53;0.49
29175;SPS30;19918;48.80010380;9.00258013;2020-06-10T12:59:32;17.57;17.56;17.48;16.44;131.34;131.30;131.24;130.57;111.99;0.49
29175;SPS30;19918;48.80010380;9.00258013;2020-06-10T13:02:16;17.42;17.42;17.42;16.47;131.53;131.50;131.45;130.88;112.38;0.48
29175;SPS30;19918;48.80010380;9.00258013;2020-06-10T13:05:01;16.75;16.75;16.75;15.84;126.46;126.43;126.38;125.83;108.04;0.46
29175;SPS30;19918;48.80010380;9.00258013;2020-06-10T13:07:45;17.21;17.21;17.21;16.28;130.00;129.97;129.92;129.35;111.06;0.48
29175;SPS30;19918;48.80010380;9.00258013;2020-06-10T13:10:19;16.79;16.79;16.79;15.88;126.79;126.76;126.71;126.16;108.32;0.48
29175;SPS30;19918;48.80010380;9.00258013;2020-06-10T13:12:54;17.12;17.12;17.12;16.19;129.31;129.28;129.23;128.67;110.48;0.48
29175;SPS30;19918;48.80010380;9.00258013;2020-06-10T13:15:38;17.51;17.51;17.51;16.56;132.25;132.22;132.17;131.60;112.99;0.49
29175;SPS30;19918;48.80010380;9.00258013;2020-06-10T13:18:04;17.31;17.27;17.11;15.98;127.67;127.63;127.55;126.79;108.60;0.50
29175;SPS30;19918;48.80010380;9.00258013;2020-06-10T13:20:48;16.93;16.93;16.93;16.01;127.83;127.80;127.75;127.19;109.21;0.47
29175;SPS30;19918;48.80010380;9.00258013;2020-06-10T13:23:20;17.51;17.51;17.51;16.56;132.21;132.18;132.13;131.56;112.96;0.47
29175;SPS30;19918;48.80010380;9.00258013;2020-06-10T13:26:08;16.74;16.74;16.74;15.83;126.41;126.39;126.34;125.79;108.01;0.47
29175;SPS30;19918;48.80010380;9.00258013;2020-06-10T13:28:41;17.29;17.29;17.29;16.35;130.54;130.51;130.46;129.89;111.53;0.47
29175;SPS30;19918;48.80010380;9.00258013;2020-06-10T13:31:09;17.51;17.51;17.51;16.56;132.22;132.19;132.14;131.57;112.97;0.47
29175;SPS30;19918;48.80010380;9.00258013;2020-06-10T13:34:04;17.67;17.67;17.67;16.71;133.42;133.38;133.33;132.75;113.99;0.49
29175;SPS30;19918;48.80010380;9.00258013;2020-06-10T13:36:39;17.39;17.39;17.39;16.45;131.34;131.31;131.26;130.69;112.21;0.48
29175;SPS30;19918;48.80010380;9.00258013;2020-06-10T13:39:23;18.61;18.61;18.61;17.60;140.51;140.48;140.43;139.81;120.05;0.48
29175;SPS30;19918;48.80010380;9.00258013;2020-06-10T13:44:20;18.40;18.40;18.39;17.38;138.78;138.75;138.70;138.08;118.54;0.49
29175;SPS30;19918;48.80010380;9.00258013;2020-06-10T13:47:08;19.44;19.43;19.38;18.27;145.92;145.89;145.82;145.13;124.54;0.50
29175;SPS30;19918;48.80010380;9.00258013;2020-06-10T13:49:52;19.54;19.54;19.51;18.41;147.01;146.98;146.92;146.24;125.51;0.50
29175;SPS30;19918;48.80010380;9.00258013;2020-06-10T13:53:00;19.15;19.15;19.15;18.11;144.59;144.56;144.51;143.88;123.54;0.48
29175;SPS30;19918;48.80010380;9.00258013;2020-06-10T13:56:05;19.64;19.64;19.64;18.57;148.30;148.27;148.21;147.57;126.71;0.49
29175;SPS30;19918;48.80010380;9.00258013;2020-06-10T13:59:00;19.77;19.77;19.77;18.70;149.33;149.30;149.24;148.59;127.59;0.48
29175;SPS30;19918;48.80010380;9.00258013;2020-06-10T14:01:46;19.39;19.39;19.39;18.33;146.39;146.36;146.31;145.67;125.08;0.48
29175;SPS30;19918;48.80010380;9.00258013;2020-06-10T14:04:41;19.47;19.47;19.47;18.42;147.06;147.03;146.97;146.33;125.65;0.47
29175;SPS30;19918;48.80010380;9.00258013;2020-06-10T14:07:36;19.86;19.86;19.86;18.78;149.97;149.94;149.88;149.23;128.13;0.47
29175;SPS30;19918;48.80010380;9.00258013;2020-06-10T14:10:22;19.68;19.68;19.68;18.61;148.64;148.61;148.55;147.91;127.00;0.46
29175;SPS30;19918;48.80010380;9.00258013;2020-06-10T14:13:08;19.29;19.29;19.29;18.24;145.65;145.62;145.56;144.93;124.44;0.48
29175;SPS30;19918;48.80010380;9.00258013;2020-06-10T14:15:57;19.99;19.99;19.99;18.90;150.92;150.89;150.83;150.18;128.94;0.47
29175;SPS30;19918;48.80010380;9.00258013;2020-06-10T14:18:58;18.92;18.92;18.92;17.89;142.88;142.84;142.79;142.17;122.07;0.46
29175;SPS30;19918;48.80010380;9.00258013;2020-06-10T14:22:16;18.69;18.69;18.69;17.67;141.13;141.09;141.04;140.43;120.57;0.49
29175;SPS30;19918;48.80010380;9.00258013;2020-06-10T14:25:08;18.30;18.30;18.30;17.30;138.16;138.13;138.08;137.47;118.03;0.48
29175;SPS30;19918;48.80010380;9.00258013;2020-06-10T14:28:12;18.53;18.53;18.53;17.52;139.93;139.90;139.84;139.24;119.55;0.47
29175;SPS30;19918;48.80010380;9.00258013;2020-06-10T14:31:16;18.32;18.32;18.32;17.32;138.33;138.30;138.24;137.64;118.18;0.47
29175;SPS30;19918;48.80010380;9.00258013;2020-06-10T14:34:21;18.25;18.25;18.25;17.26;137.83;137.80;137.75;137.15;117.76;0.48
29175;SPS30;19918;48.80010380;9.00258013;2020-06-10T14:37:25;18.24;18.24;18.24;17.25;137.74;137.71;137.66;137.06;117.68;0.47
29175;SPS30;19918;48.80010380;9.00258013;2020-06-10T14:40:14;17.93;17.93;17.93;16.95;135.37;135.34;135.29;134.70;115.66;0.48
29175;SPS30;19918;48.80010380;9.00258013;2020-06-10T14:43:09;18.15;18.15;18.15;17.16;137.06;137.03;136.98;136.39;117.10;0.48
29175;SPS30;19918;48.80010380;9.00258013;2020-06-10T14:46:10;17.79;17.79;17.79;16.83;134.37;134.33;134.28;133.70;114.80;0.48
29175;SPS30;19918;48.80010380;9.00258013;2020-06-10T14:49:12;18.09;18.09;18.09;17.11;136.64;136.61;136.56;135.97;116.74;0.47
29175;SPS30;19918;48.80010380;9.00258013;2020-06-10T14:52:10;17.80;17.80;17.80;16.83;134.40;134.37;134.32;133.73;114.83;0.48
29175;SPS30;19918;48.80010380;9.00258013;2020-06-10T14:54:57;17.36;17.36;17.36;16.42;131.09;131.06;131.01;130.44;112.00;0.48
29175;SPS30;19918;48.80010380;9.00258013;2020-06-10T14:57:58;16.89;16.88;16.85;15.89;126.89;126.86;126.81;126.21;108.31;0.48
29175;SPS30;19918;48.80010380;9.00258013;2020-06-10T15:00:53;16.62;16.62;16.60;15.69;125.27;125.24;125.19;124.63;106.99;0.48
29175;SPS30;19918;48.80010380;9.00258013;2020-06-10T15:03:49;15.94;15.94;15.94;15.07;120.36;120.33;120.28;119.76;102.83;0.46
29175;SPS30;19918;48.80010380;9.00258013;2020-06-10T15:06:42;16.85;16.85;16.85;15.93;127.25;127.22;127.17;126.62;108.72;0.47
29175;SPS30;19918;48.80010380;9.00258013;2020-06-10T15:09:29;16.06;16.06;16.06;15.19;121.29;121.26;121.22;120.69;103.63;0.47
29175;SPS30;19918;48.80010380;9.00258013;2020-06-10T15:12:34;16.12;16.10;16.04;15.08;120.46;120.43;120.37;119.76;102.72;0.48
29175;SPS30;19918;48.80010380;9.00258013;2020-06-10T15:15:39;16.50;16.50;16.50;15.60;124.58;124.55;124.50;123.96;106.43;0.47
29175;SPS30;19918;48.80010380;9.00258013;2020-06-10T15:18:43;15.86;15.86;15.86;15.00;119.79;119.76;119.71;119.19;102.34;0.47
29175;SPS30;19918;48.80010380;9.00258013;2020-06-10T15:21:41;17.50;17.50;17.50;16.55;132.16;132.13;132.08;131.50;112.91;0.46
29175;SPS30;19918;48.80010380;9.00258013;2020-06-10T15:24:27;16.76;16.76;16.76;15.85;126.55;126.52;126.48;125.93;108.12;0.45
29175;SPS30;19918;48.80010380;9.00258013;2020-06-10T15:27:19;17.39;17.39;17.39;16.45;131.35;131.32;131.28;130.70;112.23;0.46
29175;SPS30;19918;48.80010380;9.00258013;2020-06-10T15:30:24;16.40;16.40;16.40;15.51;123.83;123.81;123.76;123.22;105.80;0.47
29175;SPS30;19918;48.80010380;9.00258013;2020-06-10T15:33:28;16.33;16.33;16.33;15.44;123.32;123.29;123.24;122.71;105.36;0.47
29175;SPS30;19918;48.80010380;9.00258013;2020-06-10T15:36:17;15.93;15.93;15.93;15.06;120.27;120.24;120.19;119.67;102.75;0.48
29175;SPS30;19918;48.80010380;9.00258013;2020-06-10T15:39:05;16.30;16.30;16.30;15.41;123.09;123.07;123.02;122.48;105.17;0.47
29175;SPS30;19918;48.80010380;9.00258013;2020-06-10T15:42:37;15.54;15.54;15.54;14.70;117.39;117.36;117.32;116.81;100.29;0.46
29175;SPS30;19918;48.80010380;9.00258013;2020-06-10T15:45:41;15.81;15.81;15.81;14.95;119.40;119.37;119.33;118.81;102.01;0.46
29175;SPS30;19918;48.80010380;9.00258013;2020-06-10T15:48:27;16.03;16.03;16.03;15.16;121.08;121.05;121.01;120.48;103.45;0.46
29175;SPS30;19918;48.80010380;9.00258013;2020-06-10T15:51:32;15.52;15.52;15.52;14.68;117.20;117.17;117.13;116.62;100.13;0.47
29175;SPS30;19918;48.80010380;9.00258013;2020-06-10T15:54:18;16.49;16.49;16.49;15.60;124.55;124.53;124.48;123.94;106.42;0.47
29175;SPS30;19918;48.80010380;9.00258013;2020-06-10T15:57:04;16.43;16.43;16.43;15.54;124.06;124.03;123.99;123.45;105.99;0.46
29175;SPS30;19918;48.80010380;9.00258013;2020-06-10T16:00:06;17.09;17.09;17.09;16.17;129.09;129.06;129.01;128.45;110.29;0.46
29175;SPS30;19918;48.80010380;9.00258013;2020-06-10T16:02:55;16.89;16.89;16.89;15.98;127.59;127.56;127.51;126.95;109.01;0.46
29175;SPS30;19918;48.80010380;9.00258013;2020-06-10T16:05:41;17.34;17.34;17.34;16.40;130.94;130.91;130.86;130.29;111.87;0.46
29175;SPS30;19918;48.80010380;9.00258013;2020-06-10T16:08:47;17.05;17.05;17.05;16.12;128.73;128.70;128.65;128.09;109.98;0.47
29175;SPS30;19918;48.80010380;9.00258013;2020-06-10T16:11:48;16.94;16.94;16.94;16.02;127.90;127.87;127.82;127.27;109.27;0.45
29175;SPS30;19918;48.80010380;9.00258013;2020-06-10T16:15:00;16.38;16.38;16.38;15.49;123.66;123.64;123.59;123.05;105.65;0.46
29175;SPS30;19918;48.80010380;9.00258013;2020-06-10T16:17:46;16.81;16.81;16.81;15.90;126.97;126.94;126.89;126.34;108.48;0.48
29175;SPS30;19918;48.80010380;9.00258013;2020-06-10T16:20:41;16.55;16.55;16.55;15.66;125.02;124.99;124.94;124.40;106.81;0.46
29175;SPS30;19918;48.80010380;9.00258013;2020-06-10T16:23:50;15.86;15.86;15.86;14.99;119.74;119.72;119.67;119.15;102.31;0.47
29175;SPS30;19918;48.80010380;9.00258013;2020-06-10T16:26:54;15.73;15.73;15.73;14.87;118.78;118.75;118.71;118.19;101.48;0.46
29175;SPS30;19918;48.80010380;9.00258013;2020-06-10T16:29:59;16.05;16.05;16.05;15.18;121.21;121.19;121.14;120.61;103.56;0.47
29175;SPS30;19918;48.80010380;9.00258013;2020-06-10T16:33:49;15.61;15.61;15.61;14.76;117.90;117.87;117.82;117.31;100.73;0.47
29175;SPS30;19918;48.80010380;9.00258013;2020-06-10T16:36:35;15.48;15.48;15.48;14.64;116.94;116.91;116.87;116.36;99.91;0.46
29175;SPS30;19918;48.80010380;9.00258013;2020-06-10T16:39:23;15.67;15.67;15.67;14.82;118.32;118.30;118.25;117.74;101.09;0.46
29175;SPS30;19918;48.80010380;9.00258013;2020-06-10T16:42:50;15.11;15.11;15.11;14.29;114.13;114.11;114.06;113.57;97.51;0.48
29175;SPS30;19918;48.80010380;9.00258013;2020-06-10T16:45:43;16.19;16.19;16.19;15.31;122.27;122.25;122.20;121.67;104.47;0.48
29175;SPS30;19918;48.80010380;9.00258013;2020-06-10T16:48:44;14.90;14.90;14.90;14.09;112.52;112.49;112.45;111.96;96.13;0.46
29175;SPS30;19918;48.80010380;9.00258013;2020-06-10T16:51:49;15.13;15.13;15.13;14.31;114.25;114.22;114.18;113.69;97.61;0.47
29175;SPS30;19918;48.80010380;9.00258013;2020-06-10T16:54:49;15.87;15.87;15.87;15.01;119.87;119.84;119.80;119.28;102.41;0.45
29175;SPS30;19918;48.80010380;9.00258013;2020-06-10T16:57:43;15.44;15.44;15.44;14.60;116.56;116.54;116.49;115.99;99.59;0.46
29175;SPS30;19918;48.80010380;9.00258013;2020-06-10T17:00:48;14.64;14.64;14.64;13.84;110.53;110.51;110.47;109.99;94.44;0.48
29175;SPS30;19918;48.80010380;9.00258013;2020-06-10T17:04:00;15.07;15.07;15.07;14.25;113.80;113.77;113.73;113.23;97.23;0.45
29175;SPS30;19918;48.80010380;9.00258013;2020-06-10T17:07:04;15.09;15.09;15.09;14.27;113.98;113.96;113.92;113.42;97.38;0.46
29175;SPS30;19918;48.80010380;9.00258013;2020-06-10T17:09:53;14.88;14.88;14.88;14.07;112.40;112.37;112.33;111.84;96.03;0.48
29175;SPS30;19918;48.80010380;9.00258013;2020-06-10T17:12:58;15.36;15.36;15.36;14.53;116.02;115.99;115.95;115.44;99.12;0.46
29175;SPS30;19918;48.80010380;9.00258013;2020-06-10T17:15:53;15.68;15.68;15.68;14.83;118.39;118.37;118.32;117.81;101.15;0.47
29175;SPS30;19918;48.80010380;9.00258013;2020-06-10T17:18:39;14.61;14.61;14.61;13.82;110.34;110.32;110.27;109.79;94.27;0.46
29175;SPS30;19918;48.80010380;9.00258013;2020-06-10T17:21:41;15.26;15.26;15.26;14.43;115.22;115.19;115.15;114.65;98.44;0.45
29175;SPS30;19918;48.80010380;9.00258013;2020-06-10T17:24:45;15.93;15.93;15.93;15.06;120.27;120.24;120.20;119.67;102.75;0.47
29175;SPS30;19918;48.80010380;9.00258013;2020-06-10T17:27:50;16.19;16.19;16.19;15.31;122.24;122.21;122.16;121.63;104.44;0.45
29175;SPS30;19918;48.80010380;9.00258013;2020-06-10T17:31:01;15.55;15.55;15.54;14.69;117.30;117.27;117.23;116.71;100.19;0.48
29175;SPS30;19918;48.80010380;9.00258013;2020-06-10T17:33:48;15.68;15.68;15.68;14.83;118.43;118.40;118.36;117.84;101.18;0.46
29175;SPS30;19918;48.80010380;9.00258013;2020-06-10T17:36:40;15.02;15.02;15.02;14.20;113.40;113.37;113.33;112.84;96.89;0.45
29175;SPS30;19918;48.80010380;9.00258013;2020-06-10T17:39:34;15.76;15.76;15.76;14.90;119.00;118.97;118.92;118.41;101.67;0.47
29175;SPS30;19918;48.80010380;9.00258013;2020-06-10T17:42:39;15.24;15.24;15.24;14.42;115.12;115.09;115.05;114.55;98.35;0.47
29175;SPS30;19918;48.80010380;9.00258013;2020-06-10T17:45:31;15.11;15.11;15.11;14.29;114.08;114.05;114.01;113.51;97.47;0.46
29175;SPS30;19918;48.80010380;9.00258013;2020-06-10T17:48:44;14.74;14.74;14.74;13.94;111.32;111.30;111.26;110.77;95.11;0.46
29175;SPS30;19918;48.80010380;9.00258013;2020-06-10T17:51:49;15.71;15.71;15.71;14.85;118.62;118.59;118.55;118.03;101.34;0.44
29175;SPS30;19918;48.80010380;9.00258013;2020-06-10T17:54:58;15.41;15.41;15.41;14.57;116.36;116.33;116.29;115.78;99.42;0.48
29175;SPS30;19918;48.80010380;9.00258013;2020-06-10T17:57:47;15.21;15.21;15.21;14.39;114.88;114.86;114.81;114.31;98.15;0.48
29175;SPS30;19918;48.80010380;9.00258013;2020-06-10T18:00:42;15.34;15.34;15.34;14.50;115.81;115.78;115.74;115.24;98.94;0.45
29175;SPS30;19918;48.80010380;9.00258013;2020-06-10T18:03:46;15.24;15.24;15.24;14.41;115.09;115.06;115.02;114.52;98.33;0.47
29175;SPS30;19918;48.80010380;9.00258013;2020-06-10T18:06:54;14.72;14.72;14.72;13.92;111.13;111.10;111.06;110.58;94.94;0.47
29175;SPS30;19918;48.80010380;9.00258013;2020-06-10T18:09:50;15.83;15.83;15.83;14.97;119.53;119.50;119.46;118.94;102.12;0.45
29175;SPS30;19918;48.80010380;9.00258013;2020-06-10T18:12:54;15.88;15.88;15.88;15.02;119.96;119.93;119.88;119.36;102.49;0.47
29175;SPS30;19918;48.80010380;9.00258013;2020-06-10T18:15:59;15.29;15.29;15.29;14.46;115.46;115.44;115.39;114.89;98.65;0.47
29175;SPS30;19918;48.80010380;9.00258013;2020-06-10T18:19:04;14.93;14.93;14.92;14.11;112.71;112.68;112.64;112.15;96.30;0.47
29175;SPS30;19918;48.80010380;9.00258013;2020-06-10T18:21:51;15.33;15.33;15.33;14.50;115.76;115.73;115.69;115.19;98.90;0.46
29175;SPS30;19918;48.80010380;9.00258013;2020-06-10T18:24:37;15.01;15.01;15.01;14.20;113.37;113.34;113.30;112.81;96.86;0.47
29175;SPS30;19918;48.80010380;9.00258013;2020-06-10T18:28:02;15.23;15.23;15.23;14.41;115.04;115.02;114.97;114.47;98.29;0.47
29175;SPS30;19918;48.80010380;9.00258013;2020-06-10T18:30:53;15.00;15.00;15.00;14.18;113.25;113.23;113.18;112.69;96.76;0.46
29175;SPS30;19918;48.80010380;9.00258013;2020-06-10T18:33:54;15.59;15.59;15.59;14.74;117.73;117.70;117.66;117.15;100.59;0.46
29175;SPS30;19918;48.80010380;9.00258013;2020-06-10T18:36:59;15.03;15.03;15.03;14.22;113.52;113.49;113.45;112.96;96.99;0.46
29175;SPS30;19918;48.80010380;9.00258013;2020-06-10T18:39:45;15.16;15.16;15.16;14.33;114.46;114.44;114.39;113.89;97.79;0.47
29175;SPS30;19918;48.80010380;9.00258013;2020-06-10T18:42:47;15.69;15.69;15.69;14.84;118.52;118.49;118.45;117.93;101.26;0.45
29175;SPS30;19918;48.80010380;9.00258013;2020-06-10T18:45:53;15.80;15.80;15.80;14.94;119.30;119.27;119.23;118.71;101.93;0.47
29175;SPS30;19918;48.80010380;9.00258013;2020-06-10T18:48:39;15.98;15.98;15.98;15.11;120.68;120.65;120.61;120.08;103.10;0.48
29175;SPS30;19918;48.80010380;9.00258013;2020-06-10T18:51:34;17.55;17.55;17.55;16.59;132.50;132.47;132.42;131.84;113.20;0.48
29175;SPS30;19918;48.80010380;9.00258013;2020-06-10T18:54:47;17.41;17.41;17.41;16.46;131.46;131.43;131.38;130.81;112.32;0.48
29175;SPS30;19918;48.80010380;9.00258013;2020-06-10T18:57:55;17.74;17.74;17.74;16.78;133.97;133.94;133.89;133.31;114.46;0.47
29175;SPS30;19918;48.80010380;9.00258013;2020-06-10T19:01:00;17.38;17.38;17.38;16.44;131.27;131.24;131.19;130.62;112.16;0.48
29175;SPS30;19918;48.80010380;9.00258013;2020-06-10T19:04:06;18.29;18.29;18.29;17.30;138.16;138.12;138.07;137.47;118.04;0.48
29175;SPS30;19918;48.80010380;9.00258013;2020-06-10T19:07:22;19.67;19.67;19.67;18.60;148.55;148.51;148.46;147.81;126.91;0.47
29175;SPS30;19918;48.80010380;9.00258013;2020-06-10T19:10:17;20.04;20.04;20.04;18.95;151.36;151.32;151.27;150.61;129.32;0.48
29175;SPS30;19918;48.80010380;9.00258013;2020-06-10T19:13:18;20.31;20.31;20.31;19.20;153.35;153.31;153.25;152.59;131.01;0.48
29175;SPS30;19918;48.80010380;9.00258013;2020-06-10T19:16:22;20.14;20.14;20.14;19.04;152.07;152.04;151.98;151.32;129.93;0.47
29175;SPS30;19918;48.80010380;9.00258013;2020-06-10T19:19:09;19.99;19.99;19.99;18.90;150.95;150.91;150.85;150.20;128.96;0.48
29175;SPS30;19918;48.80010380;9.00258013;2020-06-10T19:22:14;19.55;19.55;19.55;18.49;147.64;147.60;147.55;146.91;126.14;0.47
29175;SPS30;19918;48.80010380;9.00258013;2020-06-10T19:25:24;20.53;20.53;20.53;19.42;155.07;155.03;154.97;154.30;132.49;0.49
29175;SPS30;19918;48.80010380;9.00258013;2020-06-10T19:28:30;20.29;20.29;20.29;19.19;153.24;153.20;153.14;152.48;130.92;0.47
29175;SPS30;19918;48.80010380;9.00258013;2020-06-10T19:31:19;21.23;21.23;21.22;20.06;160.22;160.18;160.12;159.42;136.87;0.49
29175;SPS30;19918;48.80010380;9.00258013;2020-06-10T19:34:14;22.04;22.04;22.04;20.84;166.43;166.40;166.33;165.61;142.20;0.49
29175;SPS30;19918;48.80010380;9.00258013;2020-06-10T19:37:23;22.03;22.02;22.01;20.81;166.15;166.11;166.04;165.31;141.92;0.49
29175;SPS30;19918;48.80010380;9.00258013;2020-06-10T19:40:09;21.13;21.13;21.12;19.96;159.41;159.37;159.31;158.61;136.17;0.49
29175;SPS30;19918;48.80010380;9.00258013;2020-06-10T19:43:16;20.92;20.92;20.92;19.79;158.00;157.97;157.91;157.22;134.99;0.48
29175;SPS30;19918;48.80010380;9.00258013;2020-06-10T19:46:04;22.36;22.36;22.36;21.15;168.88;168.84;168.77;168.04;144.28;0.48
29175;SPS30;19918;48.80010380;9.00258013;2020-06-10T19:49:09;21.73;21.73;21.73;20.55;164.13;164.10;164.03;163.32;140.23;0.48
29175;SPS30;19918;48.80010380;9.00258013;2020-06-10T19:51:55;22.50;22.50;22.50;21.28;169.93;169.89;169.82;169.09;145.18;0.49
29175;SPS30;19918;48.80010380;9.00258013;2020-06-10T19:54:59;23.20;23.20;23.20;21.94;175.17;175.13;175.06;174.30;149.66;0.49
29175;SPS30;19918;48.80010380;9.00258013;2020-06-10T19:57:45;23.89;23.83;23.50;21.84;174.45;174.39;174.26;173.10;148.10;0.51
29175;SPS30;19918;48.80010380;9.00258013;2020-06-10T20:00:31;22.51;22.51;22.48;21.23;169.52;169.48;169.41;168.64;144.76;0.50
29175;SPS30;19918;48.80010380;9.00258013;2020-06-10T20:03:36;23.44;23.43;23.38;22.05;176.12;176.08;176.00;175.17;150.32;0.50
29175;SPS30;19918;48.80010380;9.00258013;2020-06-10T20:06:25;23.16;23.16;23.16;21.90;174.92;174.88;174.82;174.06;149.45;0.48
29175;SPS30;19918;48.80010380;9.00258013;2020-06-10T20:09:46;21.43;21.43;21.40;20.21;161.39;161.35;161.28;160.55;137.81;0.47
29175;SPS30;19918;48.80010380;9.00258013;2020-06-10T20:12:35;22.51;22.51;22.51;21.29;170.02;169.98;169.92;169.18;145.26;0.49
29175;SPS30;19918;48.80010380;9.00258013;2020-06-10T20:15:24;23.05;23.05;23.05;21.80;174.06;174.02;173.95;173.20;148.71;0.48
29175;SPS30;19918;48.80010380;9.00258013;2020-06-10T20:18:28;21.98;21.98;21.98;20.78;165.95;165.91;165.85;165.13;141.78;0.50
29175;SPS30;19918;48.80010380;9.00258013;2020-06-10T20:21:32;21.41;21.41;21.41;20.25;161.68;161.65;161.59;160.88;138.14;0.49
29175;SPS30;19918;48.80010380;9.00258013;2020-06-10T20:24:36;21.29;21.29;21.29;20.14;160.81;160.77;160.71;160.01;137.39;0.47
29175;SPS30;19918;48.80010380;9.00258013;2020-06-10T20:27:46;20.15;20.15;20.15;19.05;152.15;152.12;152.06;151.40;129.99;0.48
29175;SPS30;19918;48.80010380;9.00258013;2020-06-10T20:30:50;19.79;19.79;19.79;18.71;149.41;149.38;149.32;148.67;127.65;0.49
29175;SPS30;19918;48.80010380;9.00258013;2020-06-10T20:33:43;21.00;21.00;21.00;19.86;158.60;158.56;158.50;157.81;135.50;0.49
29175;SPS30;19918;48.80010380;9.00258013;2020-06-10T20:36:48;20.41;20.41;20.41;19.30;154.11;154.07;154.01;153.34;131.66;0.49
29175;SPS30;19918;48.80010380;9.00258013;2020-06-10T20:39:34;20.10;20.10;20.10;19.01;151.81;151.77;151.71;151.05;129.70;0.48
29175;SPS30;19918;48.80010380;9.00258013;2020-06-10T20:42:39;20.69;20.69;20.69;19.56;156.21;156.18;156.12;155.44;133.46;0.49
29175;SPS30;19918;48.80010380;9.00258013;2020-06-10T20:45:48;20.19;20.19;20.19;19.09;152.45;152.42;152.36;151.70;130.25;0.48
29175;SPS30;19918;48.80010380;9.00258013;2020-06-10T20:48:52;19.58;19.58;19.58;18.51;147.82;147.79;147.73;147.09;126.29;0.48
29175;SPS30;19918;48.80010380;9.00258013;2020-06-10T20:51:50;19.38;19.38;19.38;18.33;146.35;146.31;146.26;145.62;125.03;0.48
29175;SPS30;19918;48.80010380;9.00258013;2020-06-10T20:54:55;21.84;21.84;21.84;20.65;164.92;164.88;164.82;164.10;140.90;0.48
29175;SPS30;19918;48.80010380;9.00258013;2020-06-10T20:58:10;21.59;21.58;21.50;20.23;161.60;161.56;161.49;160.69;137.84;0.51
29175;SPS30;19918;48.80010380;9.00258013;2020-06-10T21:00:56;21.07;21.07;21.07;19.93;159.13;159.09;159.03;158.34;135.96;0.49
29175;SPS30;19918;48.80010380;9.00258013;2020-06-10T21:04:00;20.23;20.23;20.23;19.13;152.76;152.72;152.67;152.00;130.51;0.48
29175;SPS30;19918;48.80010380;9.00258013;2020-06-10T21:07:05;20.42;20.42;20.42;19.31;154.23;154.20;154.14;153.47;131.77;0.49
29175;SPS30;19918;48.80010380;9.00258013;2020-06-10T21:10:07;20.80;20.80;20.80;19.67;157.04;157.01;156.95;156.26;134.17;0.49
29175;SPS30;19918;48.80010380;9.00258013;2020-06-10T21:13:12;19.20;19.20;19.19;18.14;144.87;144.84;144.78;144.15;123.76;0.50
29175;SPS30;19918;48.80010380;9.00258013;2020-06-10T21:16:31;19.50;19.50;19.50;18.44;147.25;147.22;147.16;146.52;125.81;0.48
29175;SPS30;19918;48.80010380;9.00258013;2020-06-10T21:19:40;19.85;19.85;19.84;18.77;149.86;149.83;149.77;149.12;128.04;0.48
29175;SPS30;19918;48.80010380;9.00258013;2020-06-10T21:22:29;19.26;19.26;19.26;18.21;145.43;145.39;145.34;144.71;124.25;0.48
29175;SPS30;19918;48.80010380;9.00258013;2020-06-10T21:25:22;19.67;19.67;19.67;18.60;148.54;148.50;148.45;147.80;126.91;0.48
29175;SPS30;19918;48.80010380;9.00258013;2020-06-10T21:28:08;20.34;20.34;20.34;19.24;153.62;153.58;153.52;152.86;131.24;0.49
29175;SPS30;19918;48.80010380;9.00258013;2020-06-10T21:31:03;20.79;20.77;20.71;19.50;155.76;155.72;155.65;154.89;132.88;0.50
29175;SPS30;19918;48.80010380;9.00258013;2020-06-10T21:33:49;20.61;20.61;20.61;19.49;155.62;155.58;155.52;154.85;132.96;0.49
29175;SPS30;19918;48.80010380;9.00258013;2020-06-10T21:36:35;19.67;19.67;19.67;18.60;148.52;148.49;148.43;147.79;126.89;0.49
29175;SPS30;19918;48.80010380;9.00258013;2020-06-10T21:39:22;20.83;20.83;20.80;19.65;156.89;156.86;156.79;156.08;133.98;0.50
29175;SPS30;19918;48.80010380;9.00258013;2020-06-10T21:42:11;19.92;19.90;19.80;18.60;148.57;148.53;148.45;147.68;126.64;0.49
29175;SPS30;19918;48.80010380;9.00258013;2020-06-10T21:44:57;19.53;19.53;19.49;18.38;146.79;146.76;146.69;146.01;125.30;0.50
29175;SPS30;19918;48.80010380;9.00258013;2020-06-10T21:47:43;19.38;19.38;19.38;18.32;146.27;146.24;146.18;145.54;124.95;0.49
29175;SPS30;19918;48.80010380;9.00258013;2020-06-10T21:50:30;20.15;20.12;19.96;18.70;149.32;149.28;149.19;148.35;127.13;0.51
29175;SPS30;19918;48.80010380;9.00258013;2020-06-10T21:53:19;19.86;19.85;19.82;18.71;149.39;149.35;149.29;148.60;127.54;0.50
29175;SPS30;19918;48.80010380;9.00258013;2020-06-10T21:56:09;20.40;20.40;20.40;19.29;154.07;154.03;153.98;153.31;131.63;0.47
29175;SPS30;19918;48.80010380;9.00258013;2020-06-10T21:58:55;19.03;19.03;19.03;17.99;143.70;143.66;143.61;142.98;122.77;0.47
29175;SPS30;19918;48.80010380;9.00258013;2020-06-10T22:01:58;20.15;20.15;20.15;19.05;152.16;152.13;152.07;151.41;130.00;0.49
29175;SPS30;19918;48.80010380;9.00258013;2020-06-10T22:05:11;20.21;20.21;20.21;19.11;152.60;152.56;152.51;151.84;130.37;0.49
29175;SPS30;19918;48.80010380;9.00258013;2020-06-10T22:08:35;19.49;19.49;19.49;18.43;147.16;147.12;147.07;146.43;125.73;0.48
29175;SPS30;19918;48.80010380;9.00258013;2020-06-10T22:11:35;19.30;19.30;19.30;18.25;145.73;145.69;145.64;145.00;124.50;0.48
29175;SPS30;19918;48.80010380;9.00258013;2020-06-10T22:14:48;20.20;20.20;20.19;19.09;152.46;152.43;152.37;151.70;130.25;0.49
29175;SPS30;19918;48.80010380;9.00258013;2020-06-10T22:18:10;20.95;20.95;20.95;19.81;158.19;158.16;158.10;157.41;135.16;0.49
29175;SPS30;19918;48.80010380;9.00258013;2020-06-10T22:21:16;19.96;19.95;19.91;18.79;150.07;150.04;149.97;149.28;128.12;0.49
29175;SPS30;19918;48.80010380;9.00258013;2020-06-10T22:24:21;20.74;20.74;20.74;19.61;156.60;156.57;156.51;155.83;133.79;0.50
29175;SPS30;19918;48.80010380;9.00258013;2020-06-10T22:27:07;20.13;20.13;20.13;19.04;152.03;151.99;151.94;151.28;129.89;0.49
29175;SPS30;19918;48.80010380;9.00258013;2020-06-10T22:29:56;19.31;19.31;19.31;18.26;145.84;145.81;145.75;145.12;124.60;0.49
29175;SPS30;19918;48.80010380;9.00258013;2020-06-10T22:32:42;19.10;19.09;19.09;18.05;144.12;144.09;144.03;143.40;123.12;0.49
29175;SPS30;19918;48.80010380;9.00258013;2020-06-10T22:35:28;18.37;18.37;18.37;17.37;138.75;138.71;138.66;138.06;118.54;0.46
29175;SPS30;19918;48.80010380;9.00258013;2020-06-10T22:38:27;18.98;18.98;18.98;17.95;143.33;143.30;143.24;142.62;122.46;0.47
29175;SPS30;19918;48.80010380;9.00258013;2020-06-10T22:41:27;17.63;17.63;17.63;16.67;133.12;133.09;133.04;132.46;113.73;0.48
29175;SPS30;19918;48.80010380;9.00258013;2020-06-10T22:44:36;18.19;18.19;18.19;17.20;137.38;137.35;137.30;136.70;117.38;0.49
29175;SPS30;19918;48.80010380;9.00258013;2020-06-10T22:47:22;18.55;18.55;18.53;17.50;139.78;139.74;139.69;139.06;119.37;0.48
29175;SPS30;19918;48.80010380;9.00258013;2020-06-10T22:50:10;18.81;18.81;18.81;17.79;142.07;142.04;141.99;141.37;121.38;0.48
29175;SPS30;19918;48.80010380;9.00258013;2020-06-10T22:53:03;18.64;18.63;18.59;17.53;140.03;140.00;139.93;139.27;119.52;0.50
29175;SPS30;19918;48.80010380;9.00258013;2020-06-10T22:56:12;17.99;17.99;17.99;17.01;135.83;135.80;135.75;135.16;116.05;0.49
29175;SPS30;19918;48.80010380;9.00258013;2020-06-10T22:59:18;17.05;17.05;17.04;16.10;128.61;128.58;128.53;127.96;109.86;0.50
29175;SPS30;19918;48.80010380;9.00258013;2020-06-10T23:02:04;17.09;17.09;17.09;16.17;129.09;129.06;129.01;128.45;110.29;0.48
29175;SPS30;19918;48.80010380;9.00258013;2020-06-10T23:04:56;17.71;17.69;17.61;16.56;132.27;132.23;132.17;131.49;112.77;0.50
29175;SPS30;19918;48.80010380;9.00258013;2020-06-10T23:07:44;17.40;17.40;17.38;16.41;131.05;131.02;130.96;130.37;111.90;0.50
29175;SPS30;19918;48.80010380;9.00258013;2020-06-10T23:10:30;19.20;19.13;18.79;17.38;138.86;138.81;138.68;137.68;117.67;0.51
29175;SPS30;19918;48.80010380;9.00258013;2020-06-10T23:13:25;18.57;18.57;18.54;17.49;139.71;139.68;139.62;138.97;119.28;0.48
29175;SPS30;19918;48.80010380;9.00258013;2020-06-10T23:16:11;16.98;16.98;16.98;16.06;128.26;128.23;128.18;127.63;109.58;0.47
29175;SPS30;19918;48.80010380;9.00258013;2020-06-10T23:18:47;16.34;16.34;16.34;15.45;123.36;123.34;123.29;122.75;105.40;0.46
29175;SPS30;19918;48.80010380;9.00258013;2020-06-10T23:21:32;16.65;16.65;16.65;15.74;125.71;125.68;125.63;125.09;107.40;0.47
29175;SPS30;19918;48.80010380;9.00258013;2020-06-10T23:23:57;16.97;16.97;16.97;16.04;128.13;128.10;128.05;127.49;109.47;0.47
29175;SPS30;19918;48.80010380;9.00258013;2020-06-10T23:26:30;16.73;16.73;16.73;15.83;126.38;126.35;126.30;125.75;107.97;0.48
29175;SPS30;19918;48.80010380;9.00258013;2020-06-10T23:29:05;16.24;16.24;16.24;15.36;122.63;122.60;122.55;122.02;104.77;0.48
29175;SPS30;19918;48.80010380;9.00258013;2020-06-10T23:31:53;15.38;15.38;15.38;14.54;116.13;116.10;116.06;115.55;99.22;0.48
29175;SPS30;19918;48.80010380;9.00258013;2020-06-10T23:34:30;16.28;16.28;16.28;15.40;122.98;122.95;122.90;122.37;105.07;0.48
29175;SPS30;19918;48.80010380;9.00258013;2020-06-10T23:36:55;16.09;16.09;16.09;15.21;121.49;121.46;121.41;120.89;103.79;0.49
29175;SPS30;19918;48.80010380;9.00258013;2020-06-10T23:39:26;15.58;15.58;15.58;14.73;117.62;117.59;117.55;117.04;100.49;0.49
29175;SPS30;19918;48.80010380;9.00258013;2020-06-10T23:42:09;15.03;15.03;15.03;14.21;113.47;113.45;113.41;112.91;96.95;0.47
29175;SPS30;19918;48.80010380;9.00258013;2020-06-10T23:44:53;15.29;15.29;15.29;14.46;115.49;115.46;115.42;114.91;98.67;0.49
29175;SPS30;19918;48.80010380;9.00258013;2020-06-10T23:47:40;15.51;15.51;15.51;14.66;117.11;117.08;117.04;116.53;100.05;0.49
29175;SPS30;19918;48.80010380;9.00258013;2020-06-10T23:50:15;15.60;15.60;15.60;14.76;117.84;117.81;117.77;117.26;100.68;0.48
29175;SPS30;19918;48.80010380;9.00258013;2020-06-10T23:56:22;16.14;16.14;16.14;15.27;121.91;121.88;121.83;121.30;104.15;0.48
29175;SPS30;19918;48.80010380;9.00258013;2020-06-10T23:59:07;15.62;15.62;15.62;14.77;117.95;117.93;117.88;117.37;100.78;0.48
