sensor_id;sensor_type;location;lat;lon;timestamp;pressure;altitude;pressure_sealevel;temperature;humidity
10006;BME280;5042;42.626;23.382;2020-06-10T00:00:33;93969.19;;;17.46;99.19
10006;BME280;5042;42.626;23.382;2020-06-10T00:03:19;93979.06;;;17.51;98.62
10006;BME280;5042;42.626;23.382;2020-06-10T00:06:03;93968.41;;;17.46;98.16
10006;BME280;5042;42.626;23.382;2020-06-10T00:08:47;93968.75;;;17.32;96.39
10006;BME280;5042;42.626;23.382;2020-06-10T00:11:23;93972.31;;;16.92;98.33
10006;BME280;5042;42.626;23.382;2020-06-10T00:14:06;93966.69;;;16.48;100.00
10006;BME280;5042;42.626;23.382;2020-06-10T00:16:46;93960.84;;;16.06;100.00
10006;BME280;5042;42.626;23.382;2020-06-10T00:19:23;93965.22;;;16.00;100.00
10006;BME280;5042;42.626;23.382;2020-06-10T00:22:08;93952.50;;;15.85;100.00
10006;BME280;5042;42.626;23.382;2020-06-10T00:24:52;93953.09;;;15.76;100.00
10006;BME280;5042;42.626;23.382;2020-06-10T00:27:34;93950.44;;;15.76;100.00
10006;BME280;5042;42.626;23.382;2020-06-10T00:30:13;93952.81;;;15.65;100.00
10006;BME280;5042;42.626;23.382;2020-06-10T00:33:09;93953.28;;;15.62;100.00
10006;BME280;5042;42.626;23.382;2020-06-10T00:35:51;93946.72;;;15.53;100.00
10006;BME280;5042;42.626;23.382;2020-06-10T00:38:28;93947.44;;;15.48;100.00
10006;BME280;5042;42.626;23.382;2020-06-10T00:41:11;93950.41;;;15.40;100.00
10006;BME280;5042;42.626;23.382;2020-06-10T00:43:51;93938.22;;;15.39;100.00
10006;BME280;5042;42.626;23.382;2020-06-10T00:46:35;93948.00;;;15.62;100.00
10006;BME280;5042;42.626;23.382;2020-06-10T00:49:13;93946.84;;;15.58;100.00
10006;BME280;5042;42.626;23.382;2020-06-10T00:51:58;93941.13;;;15.38;100.00
10006;BME280;5042;42.626;23.382;2020-06-10T00:54:42;93945.56;;;15.37;100.00
10006;BME280;5042;42.626;23.382;2020-06-10T00:57:15;93949.25;;;15.24;100.00
10006;BME280;5042;42.626;23.382;2020-06-10T00:59:57;93939.50;;;15.25;100.00
10006;BME280;5042;42.626;23.382;2020-06-10T01:02:38;93938.81;;;15.30;100.00
10006;BME280;5042;42.626;23.382;2020-06-10T01:05:22;93938.81;;;15.53;100.00
10006;BME280;5042;42.626;23.382;2020-06-10T01:08:06;93936.09;;;15.72;100.00
10006;BME280;5042;42.626;23.382;2020-06-10T01:10:50;93928.00;;;15.90;100.00
10006;BME280;5042;42.626;23.382;2020-06-10T01:13:25;93922.72;;;16.02;100.00
10006;BME280;5042;42.626;23.382;2020-06-10T01:16:12;93926.81;;;16.09;100.00
10006;BME280;5042;42.626;23.382;2020-06-10T01:18:46;93917.81;;;16.22;100.00
10006;BME280;5042;42.626;23.382;2020-06-10T01:21:34;93918.34;;;16.36;100.00
10006;BME280;5042;42.626;23.382;2020-06-10T01:24:05;93924.69;;;16.35;100.00
10006;BME280;5042;42.626;23.382;2020-06-10T01:26:48;93924.84;;;16.17;100.00
10006;BME280;5042;42.626;23.382;2020-06-10T01:29:33;93914.84;;;16.19;100.00
10006;BME280;5042;42.626;23.382;2020-06-10T01:32:18;93913.69;;;16.15;100.00
10006;BME280;5042;42.626;23.382;2020-06-10T01:34:54;93919.22;;;16.01;100.00
10006;BME280;5042;42.626;23.382;2020-06-10T01:37:22;93916.06;;;15.64;100.00
10006;BME280;5042;42.626;23.382;2020-06-10T01:40:09;93908.16;;;15.76;100.00
10006;BME280;5042;42.626;23.382;2020-06-10T01:42:45;93919.03;;;15.67;100.00
10006;BME280;5042;42.626;23.382;2020-06-10T01:45:25;93915.94;;;15.59;100.00
10006;BME280;5042;42.626;23.382;2020-06-10T01:48:05;93914.16;;;15.71;100.00
10006;BME280;5042;42.626;23.382;2020-06-10T01:50:42;93918.03;;;15.57;100.00
10006;BME280;5042;42.626;23.382;2020-06-10T01:53:23;93916.19;;;15.34;100.00
10006;BME280;5042;42.626;23.382;2020-06-10T01:56:10;93924.78;;;15.17;100.00
10006;BME280;5042;42.626;23.382;2020-06-10T01:58:52;93915.50;;;15.26;100.00
10006;BME280;5042;42.626;23.382;2020-06-10T02:01:42;93910.81;;;15.29;100.00
10006;BME280;5042;42.626;23.382;2020-06-10T02:04:25;93914.69;;;15.14;100.00
10006;BME280;5042;42.626;23.382;2020-06-10T02:07:25;93911.94;;;15.09;100.00
10006;BME280;5042;42.626;23.382;2020-06-10T02:10:05;93915.38;;;15.10;100.00
10006;BME280;5042;42.626;23.382;2020-06-10T02:12:47;93914.81;;;15.19;100.00
10006;BME280;5042;42.626;23.382;2020-06-10T02:15:46;93918.63;;;15.35;100.00
10006;BME280;5042;42.626;23.382;2020-06-10T02:18:24;93924.91;;;15.58;100.00
10006;BME280;5042;42.626;23.382;2020-06-10T02:20:55;93915.75;;;15.72;100.00
10006;BME280;5042;42.626;23.382;2020-06-10T02:23:28;93915.81;;;15.65;99.56
10006;BME280;5042;42.626;23.382;2020-06-10T02:25:55;93919.53;;;15.53;100.00
10006;BME280;5042;42.626;23.382;2020-06-10T02:28:21;93926.66;;;15.76;99.96
10006;BME280;5042;42.626;23.382;2020-06-10T02:30:58;93928.00;;;15.90;99.00
10006;BME280;5042;42.626;23.382;2020-06-10T02:33:39;93927.78;;;15.80;98.50
10006;BME280;5042;42.626;23.382;2020-06-10T02:36:23;93917.78;;;15.58;100.00
10006;BME280;5042;42.626;23.382;2020-06-10T02:38:52;93924.69;;;15.36;100.00
10006;BME280;5042;42.626;23.382;2020-06-10T02:41:23;93924.44;;;15.25;100.00
10006;BME280;5042;42.626;23.382;2020-06-10T02:43:52;93926.41;;;15.42;100.00
10006;BME280;5042;42.626;23.382;2020-06-10T02:46:22;93924.59;;;15.31;100.00
10006;BME280;5042;42.626;23.382;2020-06-10T02:49:07;93926.19;;;15.32;100.00
10006;BME280;5042;42.626;23.382;2020-06-10T02:51:51;93935.13;;;15.07;100.00
10006;BME280;5042;42.626;23.382;2020-06-10T02:54:38;93934.03;;;14.84;100.00
10006;BME280;5042;42.626;23.382;2020-06-10T02:57:26;93938.84;;;14.88;100.00
10006;BME280;5042;42.626;23.382;2020-06-10T03:00:10;93938.59;;;14.77;100.00
10006;BME280;5042;42.626;23.382;2020-06-10T03:02:45;93953.03;;;14.63;100.00
10006;BME280;5042;42.626;23.382;2020-06-10T03:05:36;93969.22;;;14.67;100.00
10006;BME280;5042;42.626;23.382;2020-06-10T03:08:23;93967.69;;;14.59;100.00
10006;BME280;5042;42.626;23.382;2020-06-10T03:11:04;93969.19;;;14.55;100.00
10006;BME280;5042;42.626;23.382;2020-06-10T03:13:43;93966.34;;;14.50;100.00
10006;BME280;5042;42.626;23.382;2020-06-10T03:16:21;93963.66;;;14.56;100.00
10006;BME280;5042;42.626;23.382;2020-06-10T03:18:57;93971.28;;;14.65;100.00
10006;BME280;5042;42.626;23.382;2020-06-10T03:21:27;93971.66;;;14.80;100.00
10006;BME280;5042;42.626;23.382;2020-06-10T03:23:59;93968.34;;;14.84;100.00
10006;BME280;5042;42.626;23.382;2020-06-10T03:26:28;93969.41;;;14.95;100.00
10006;BME280;5042;42.626;23.382;2020-06-10T03:28:57;93975.72;;;15.06;100.00
10006;BME280;5042;42.626;23.382;2020-06-10T03:31:28;93969.75;;;14.99;100.00
10006;BME280;5042;42.626;23.382;2020-06-10T03:34:09;93976.06;;;14.98;100.00
10006;BME280;5042;42.626;23.382;2020-06-10T03:36:55;93969.66;;;15.05;100.00
10006;BME280;5042;42.626;23.382;2020-06-10T03:39:40;93971.13;;;15.01;100.00
10006;BME280;5042;42.626;23.382;2020-06-10T03:42:23;93961.84;;;14.99;100.00
10006;BME280;5042;42.626;23.382;2020-06-10T03:45:07;93971.22;;;14.95;100.00
10006;BME280;5042;42.626;23.382;2020-06-10T03:47:51;93969.75;;;14.99;100.00
10006;BME280;5042;42.626;23.382;2020-06-10T03:50:28;93971.94;;;15.14;100.00
10006;BME280;5042;42.626;23.382;2020-06-10T03:53:21;93965.56;;;15.21;100.00
10006;BME280;5042;42.626;23.382;2020-06-10T03:56:11;93972.78;;;15.14;100.00
10006;BME280;5042;42.626;23.382;2020-06-10T03:58:48;93963.13;;;15.08;100.00
10006;BME280;5042;42.626;23.382;2020-06-10T04:01:25;93960.16;;;15.16;100.00
10006;BME280;5042;42.626;23.382;2020-06-10T04:04:10;93958.34;;;15.40;100.00
10006;BME280;5042;42.626;23.382;2020-06-10T04:06:44;93963.75;;;15.45;100.00
10006;BME280;5042;42.626;23.382;2020-06-10T04:09:34;93957.41;;;15.35;100.00
10006;BME280;5042;42.626;23.382;2020-06-10T04:12:12;93948.47;;;15.36;100.00
10006;BME280;5042;42.626;23.382;2020-06-10T04:14:51;93939.59;;;15.42;100.00
10006;BME280;5042;42.626;23.382;2020-06-10T04:17:36;93942.72;;;15.39;100.00
10006;BME280;5042;42.626;23.382;2020-06-10T04:20:26;93952.81;;;15.42;100.00
10006;BME280;5042;42.626;23.382;2020-06-10T04:23:14;93954.06;;;15.27;100.00
10006;BME280;5042;42.626;23.382;2020-06-10T04:25:57;93957.97;;;15.25;100.00
10006;BME280;5042;42.626;23.382;2020-06-10T04:28:47;93956.97;;;15.26;100.00
10006;BME280;5042;42.626;23.382;2020-06-10T04:31:37;93965.81;;;15.43;100.00
10006;BME280;5042;42.626;23.382;2020-06-10T04:34:18;93970.50;;;15.65;100.00
10006;BME280;5042;42.626;23.382;2020-06-10T04:37:00;93964.09;;;15.73;100.00
10006;BME280;5042;42.626;23.382;2020-06-10T04:39:33;93966.03;;;15.89;100.00
10006;BME280;5042;42.626;23.382;2020-06-10T04:42:14;93957.19;;;16.07;100.00
10006;BME280;5042;42.626;23.382;2020-06-10T04:44:58;93960.59;;;16.19;100.00
10006;BME280;5042;42.626;23.382;2020-06-10T04:47:45;93957.31;;;16.41;100.00
10006;BME280;5042;42.626;23.382;2020-06-10T04:50:24;93955.81;;;16.45;100.00
10006;BME280;5042;42.626;23.382;2020-06-10T04:53:09;93954.53;;;16.76;100.00
10006;BME280;5042;42.626;23.382;2020-06-10T04:55:56;93950.25;;;16.75;99.48
10006;BME280;5042;42.626;23.382;2020-06-10T04:58:43;93942.88;;;16.77;100.00
10006;BME280;5042;42.626;23.382;2020-06-10T05:01:27;93936.84;;;16.93;100.00
10006;BME280;5042;42.626;23.382;2020-06-10T05:04:14;93949.84;;;17.12;99.96
10006;BME280;5042;42.626;23.382;2020-06-10T05:06:55;93948.66;;;17.36;100.00
10006;BME280;5042;42.626;23.382;2020-06-10T05:09:32;93952.13;;;17.37;96.59
10006;BME280;5042;42.626;23.382;2020-06-10T05:12:22;93944.41;;;17.52;99.12
10006;BME280;5042;42.626;23.382;2020-06-10T05:14:58;93949.09;;;17.67;95.48
10006;BME280;5042;42.626;23.382;2020-06-10T05:17:34;93949.09;;;17.84;92.98
10006;BME280;5042;42.626;23.382;2020-06-10T05:20:21;93953.19;;;17.92;94.87
10006;BME280;5042;42.626;23.382;2020-06-10T05:23:17;93947.91;;;17.75;92.75
10006;BME280;5042;42.626;23.382;2020-06-10T05:26:00;93955.69;;;17.65;93.30
10006;BME280;5042;42.626;23.382;2020-06-10T05:28:39;93950.31;;;17.59;92.01
10006;BME280;5042;42.626;23.382;2020-06-10T05:31:24;93911.84;;;17.18;93.71
10006;BME280;5042;42.626;23.382;2020-06-10T05:34:04;93955.81;;;17.19;94.92
10006;BME280;5042;42.626;23.382;2020-06-10T05:36:45;93948.06;;;17.01;96.18
10006;BME280;5042;42.626;23.382;2020-06-10T05:39:30;93956.09;;;17.06;95.96
10006;BME280;5042;42.626;23.382;2020-06-10T05:42:12;93951.44;;;17.13;98.06
10006;BME280;5042;42.626;23.382;2020-06-10T05:44:53;93960.69;;;17.27;95.37
10006;BME280;5042;42.626;23.382;2020-06-10T05:47:27;93968.81;;;17.21;94.35
10006;BME280;5042;42.626;23.382;2020-06-10T05:50:12;93964.81;;;17.18;93.07
10006;BME280;5042;42.626;23.382;2020-06-10T05:53:04;93975.62;;;17.33;93.73
10006;BME280;5042;42.626;23.382;2020-06-10T05:55:45;93972.03;;;17.56;95.86
10006;BME280;5042;42.626;23.382;2020-06-10T05:58:29;93972.00;;;17.73;92.38
10006;BME280;5042;42.626;23.382;2020-06-10T06:01:06;93973.78;;;17.85;94.37
10006;BME280;5042;42.626;23.382;2020-06-10T06:03:50;93978.81;;;17.86;93.61
10006;BME280;5042;42.626;23.382;2020-06-10T06:06:34;93983.31;;;18.02;93.00
10006;BME280;5042;42.626;23.382;2020-06-10T06:09:30;93983.41;;;17.91;92.20
10006;BME280;5042;42.626;23.382;2020-06-10T06:12:12;93978.88;;;18.08;92.76
10006;BME280;5042;42.626;23.382;2020-06-10T06:14:48;93985.56;;;18.33;95.12
10006;BME280;5042;42.626;23.382;2020-06-10T06:17:19;93992.34;;;18.68;93.74
10006;BME280;5042;42.626;23.382;2020-06-10T06:20:05;93993.13;;;18.90;87.81
10006;BME280;5042;42.626;23.382;2020-06-10T06:22:50;93999.50;;;18.89;86.34
10006;BME280;5042;42.626;23.382;2020-06-10T06:25:40;93998.44;;;19.17;89.17
10006;BME280;5042;42.626;23.382;2020-06-10T06:28:18;93989.06;;;19.10;88.56
10006;BME280;5042;42.626;23.382;2020-06-10T06:31:00;93998.78;;;18.99;88.25
10006;BME280;5042;42.626;23.382;2020-06-10T06:33:43;93996.28;;;19.14;86.70
10006;BME280;5042;42.626;23.382;2020-06-10T06:36:24;94005.72;;;19.27;86.88
10006;BME280;5042;42.626;23.382;2020-06-10T06:39:08;93996.25;;;19.41;83.10
10006;BME280;5042;42.626;23.382;2020-06-10T06:41:45;93997.50;;;19.66;83.64
10006;BME280;5042;42.626;23.382;2020-06-10T06:44:34;93991.53;;;19.81;83.92
10006;BME280;5042;42.626;23.382;2020-06-10T06:47:12;93987.16;;;20.07;81.41
10006;BME280;5042;42.626;23.382;2020-06-10T06:49:56;93992.81;;;20.21;79.04
10006;BME280;5042;42.626;23.382;2020-06-10T06:52:37;93993.41;;;20.33;80.90
10006;BME280;5042;42.626;23.382;2020-06-10T06:55:17;93988.34;;;20.26;80.59
10006;BME280;5042;42.626;23.382;2020-06-10T06:57:57;93991.06;;;20.37;83.55
10006;BME280;5042;42.626;23.382;2020-06-10T07:00:35;93988.97;;;20.54;80.25
10006;BME280;5042;42.626;23.382;2020-06-10T07:03:20;93993.84;;;20.62;78.89
10006;BME280;5042;42.626;23.382;2020-06-10T07:05:59;93990.97;;;20.74;78.16
10006;BME280;5042;42.626;23.382;2020-06-10T07:08:46;93988.63;;;20.93;79.87
10006;BME280;5042;42.626;23.382;2020-06-10T07:11:21;93986.50;;;21.15;76.47
10006;BME280;5042;42.626;23.382;2020-06-10T07:14:06;93982.25;;;21.35;77.06
10006;BME280;5042;42.626;23.382;2020-06-10T07:17:00;93974.31;;;21.45;76.44
10006;BME280;5042;42.626;23.382;2020-06-10T07:19:44;93981.50;;;21.70;74.54
10006;BME280;5042;42.626;23.382;2020-06-10T07:22:22;93979.37;;;21.62;73.17
10006;BME280;5042;42.626;23.382;2020-06-10T07:25:04;93976.44;;;21.74;71.06
10006;BME280;5042;42.626;23.382;2020-06-10T07:27:45;93978.00;;;21.80;72.15
10006;BME280;5042;42.626;23.382;2020-06-10T07:30:41;93979.59;;;22.01;70.74
10006;BME280;5042;42.626;23.382;2020-06-10T07:33:28;93982.53;;;22.05;68.87
10006;BME280;5042;42.626;23.382;2020-06-10T07:36:20;93981.47;;;22.01;69.61
10006;BME280;5042;42.626;23.382;2020-06-10T07:38:58;93974.22;;;22.27;69.26
10006;BME280;5042;42.626;23.382;2020-06-10T07:41:35;93980.06;;;22.34;67.39
10006;BME280;5042;42.626;23.382;2020-06-10T07:44:25;93981.09;;;22.49;67.11
10006;BME280;5042;42.626;23.382;2020-06-10T07:47:18;93984.41;;;22.80;67.69
10006;BME280;5042;42.626;23.382;2020-06-10T07:50:05;93989.44;;;23.02;64.50
10006;BME280;5042;42.626;23.382;2020-06-10T07:52:50;93986.22;;;22.95;62.92
10006;BME280;5042;42.626;23.382;2020-06-10T07:55:21;93994.75;;;22.97;63.33
10006;BME280;5042;42.626;23.382;2020-06-10T07:58:05;93992.00;;;23.17;63.15
10006;BME280;5042;42.626;23.382;2020-06-10T08:00:51;94002.31;;;23.34;60.64
10006;BME280;5042;42.626;23.382;2020-06-10T08:03:38;93994.66;;;23.57;61.80
10006;BME280;5042;42.626;23.382;2020-06-10T08:06:11;93988.47;;;23.96;59.76
10006;BME280;5042;42.626;23.382;2020-06-10T08:09:06;93989.25;;;23.96;57.17
10006;BME280;5042;42.626;23.382;2020-06-10T08:11:55;93989.72;;;24.03;60.47
10006;BME280;5042;42.626;23.382;2020-06-10T08:14:45;93987.28;;;23.73;58.42
10006;BME280;5042;42.626;23.382;2020-06-10T08:17:29;93996.59;;;24.15;61.42
10006;BME280;5042;42.626;23.382;2020-06-10T08:20:19;93995.00;;;23.84;58.37
10006;BME280;5042;42.626;23.382;2020-06-10T08:23:02;93996.81;;;23.89;62.32
10006;BME280;5042;42.626;23.382;2020-06-10T08:35:41;93997.19;;;24.60;55.51
10006;BME280;5042;42.626;23.382;2020-06-10T08:38:22;93995.16;;;24.51;57.72
10006;BME280;5042;42.626;23.382;2020-06-10T08:41:00;94000.31;;;24.43;56.99
10006;BME280;5042;42.626;23.382;2020-06-10T08:43:51;93996.63;;;24.63;57.76
10006;BME280;5042;42.626;23.382;2020-06-10T08:46:35;93997.19;;;25.03;57.97
10006;BME280;5042;42.626;23.382;2020-06-10T08:49:10;93985.09;;;25.05;57.00
10006;BME280;5042;42.626;23.382;2020-06-10T08:51:42;93984.12;;;25.39;56.32
10006;BME280;5042;42.626;23.382;2020-06-10T08:54:13;93986.44;;;25.78;53.81
10006;BME280;5042;42.626;23.382;2020-06-10T08:56:56;93992.28;;;25.99;53.38
10006;BME280;5042;42.626;23.382;2020-06-10T08:59:48;93982.44;;;27.33;50.71
10006;BME280;5042;42.626;23.382;2020-06-10T09:02:29;93982.44;;;27.33;50.71
10006;BME280;5042;42.626;23.382;2020-06-10T09:05:07;93984.78;;;26.98;47.46
10006;BME280;5042;42.626;23.382;2020-06-10T09:07:51;93978.41;;;26.94;50.27
10006;BME280;5042;42.626;23.382;2020-06-10T09:10:32;93941.34;;;27.41;49.30
10006;BME280;5042;42.626;23.382;2020-06-10T09:13:14;93972.75;;;27.91;48.43
10006;BME280;5042;42.626;23.382;2020-06-10T09:15:59;93965.69;;;28.04;48.64
10006;BME280;5042;42.626;23.382;2020-06-10T09:18:50;93957.00;;;28.47;47.17
10006;BME280;5042;42.626;23.382;2020-06-10T09:21:31;93960.16;;;28.89;46.28
10006;BME280;5042;42.626;23.382;2020-06-10T09:24:15;93955.66;;;28.75;46.50
10006;BME280;5042;42.626;23.382;2020-06-10T09:27:15;93946.47;;;28.85;46.77
10006;BME280;5042;42.626;23.382;2020-06-10T09:29:58;93953.56;;;29.21;45.62
10006;BME280;5042;42.626;23.382;2020-06-10T09:32:43;93956.25;;;29.30;46.18
10006;BME280;5042;42.626;23.382;2020-06-10T09:35:16;93947.84;;;29.49;44.04
10006;BME280;5042;42.626;23.382;2020-06-10T09:38:00;93951.19;;;29.20;43.73
10006;BME280;5042;42.626;23.382;2020-06-10T09:40:58;93953.06;;;29.10;44.42
10006;BME280;5042;42.626;23.382;2020-06-10T09:43:42;93948.78;;;29.18;43.11
10006;BME280;5042;42.626;23.382;2020-06-10T09:46:26;93958.19;;;29.38;45.32
10006;BME280;5042;42.626;23.382;2020-06-10T09:49:25;93939.88;;;29.35;42.72
10006;BME280;5042;42.626;23.382;2020-06-10T09:52:05;93945.62;;;29.25;44.75
10006;BME280;5042;42.626;23.382;2020-06-10T09:54:49;93951.19;;;29.20;45.28
10006;BME280;5042;42.626;23.382;2020-06-10T09:57:23;93943.50;;;28.95;45.77
10006;BME280;5042;42.626;23.382;2020-06-10T10:00:20;93945.59;;;29.16;45.20
10006;BME280;5042;42.626;23.382;2020-06-10T10:03:07;93941.81;;;29.17;46.43
10006;BME280;5042;42.626;23.382;2020-06-10T10:05:53;93933.25;;;29.24;45.46
10006;BME280;5042;42.626;23.382;2020-06-10T10:08:34;93929.56;;;29.54;44.60
10006;BME280;5042;42.626;23.382;2020-06-10T10:11:10;93937.50;;;29.77;41.81
10006;BME280;5042;42.626;23.382;2020-06-10T10:13:55;93928.00;;;29.36;42.42
10006;BME280;5042;42.626;23.382;2020-06-10T10:16:26;93913.69;;;29.27;41.92
10006;BME280;5042;42.626;23.382;2020-06-10T10:19:17;93921.63;;;29.23;40.35
10006;BME280;5042;42.626;23.382;2020-06-10T10:21:59;93925.87;;;28.89;42.52
10006;BME280;5042;42.626;23.382;2020-06-10T10:24:43;93920.94;;;28.83;43.80
10006;BME280;5042;42.626;23.382;2020-06-10T10:27:26;93914.22;;;28.54;43.05
10006;BME280;5042;42.626;23.382;2020-06-10T10:30:10;93912.69;;;28.30;43.10
10006;BME280;5042;42.626;23.382;2020-06-10T10:32:46;93913.19;;;27.70;44.67
10006;BME280;5042;42.626;23.382;2020-06-10T10:35:30;93914.00;;;27.12;46.82
10006;BME280;5042;42.626;23.382;2020-06-10T10:38:11;93909.06;;;26.13;51.31
10006;BME280;5042;42.626;23.382;2020-06-10T10:41:01;93904.31;;;25.77;54.09
10006;BME280;5042;42.626;23.382;2020-06-10T10:43:45;93903.09;;;25.56;56.62
10006;BME280;5042;42.626;23.382;2020-06-10T10:46:26;93911.25;;;25.32;58.77
10006;BME280;5042;42.626;23.382;2020-06-10T10:49:11;93919.84;;;25.10;59.60
10006;BME280;5042;42.626;23.382;2020-06-10T10:51:55;93902.91;;;24.76;61.24
10006;BME280;5042;42.626;23.382;2020-06-10T10:54:29;93905.81;;;24.61;61.35
10006;BME280;5042;42.626;23.382;2020-06-10T10:57:10;93912.75;;;24.38;59.74
10006;BME280;5042;42.626;23.382;2020-06-10T10:59:54;93901.28;;;24.13;59.11
10006;BME280;5042;42.626;23.382;2020-06-10T11:02:35;93891.38;;;23.90;58.10
10006;BME280;5042;42.626;23.382;2020-06-10T11:05:19;93871.75;;;23.65;60.90
10006;BME280;5042;42.626;23.382;2020-06-10T11:08:03;93876.44;;;23.25;61.73
10006;BME280;5042;42.626;23.382;2020-06-10T11:10:48;93880.53;;;22.73;65.11
10006;BME280;5042;42.626;23.382;2020-06-10T11:13:21;93893.19;;;22.57;66.34
10006;BME280;5042;42.626;23.382;2020-06-10T11:16:05;93888.13;;;22.51;64.92
10006;BME280;5042;42.626;23.382;2020-06-10T11:18:55;93886.66;;;22.19;66.34
10006;BME280;5042;42.626;23.382;2020-06-10T11:21:43;93878.47;;;22.00;68.40
10006;BME280;5042;42.626;23.382;2020-06-10T11:24:24;93876.91;;;21.78;70.11
10006;BME280;5042;42.626;23.382;2020-06-10T11:27:09;93890.03;;;21.65;71.46
10006;BME280;5042;42.626;23.382;2020-06-10T11:29:53;93900.41;;;21.30;70.16
10006;BME280;5042;42.626;23.382;2020-06-10T11:32:29;93841.97;;;20.37;76.96
10006;BME280;5042;42.626;23.382;2020-06-10T11:35:00;93912.53;;;20.39;80.89
10006;BME280;5042;42.626;23.382;2020-06-10T11:37:42;93908.09;;;19.97;86.44
10006;BME280;5042;42.626;23.382;2020-06-10T11:40:26;93915.50;;;19.53;85.24
10006;BME280;5042;42.626;23.382;2020-06-10T11:43:05;93918.87;;;18.51;87.13
10006;BME280;5042;42.626;23.382;2020-06-10T11:45:49;93915.50;;;18.34;93.80
10006;BME280;5042;42.626;23.382;2020-06-10T11:48:31;93889.38;;;18.20;94.84
10006;BME280;5042;42.626;23.382;2020-06-10T11:51:14;93870.66;;;18.10;96.41
10006;BME280;5042;42.626;23.382;2020-06-10T11:53:46;93877.47;;;18.01;96.63
10006;BME280;5042;42.626;23.382;2020-06-10T11:56:24;93865.75;;;17.97;98.08
10006;BME280;5042;42.626;23.382;2020-06-10T11:59:03;93869.31;;;17.86;97.00
10006;BME280;5042;42.626;23.382;2020-06-10T12:01:44;93855.00;;;17.87;97.68
10006;BME280;5042;42.626;23.382;2020-06-10T12:04:28;93842.31;;;17.89;95.44
10006;BME280;5042;42.626;23.382;2020-06-10T12:07:16;93839.78;;;17.99;95.53
10006;BME280;5042;42.626;23.382;2020-06-10T12:10:02;93835.03;;;18.01;94.12
10006;BME280;5042;42.626;23.382;2020-06-10T12:12:47;93852.03;;;18.05;92.59
10006;BME280;5042;42.626;23.382;2020-06-10T12:15:32;93867.16;;;18.05;91.62
10006;BME280;5042;42.626;23.382;2020-06-10T12:18:16;93865.59;;;17.87;96.13
10006;BME280;5042;42.626;23.382;2020-06-10T12:21:03;93885.00;;;17.87;94.53
10006;BME280;5042;42.626;23.382;2020-06-10T12:23:44;93885.22;;;17.47;96.06
10006;BME280;5042;42.626;23.382;2020-06-10T12:26:31;93886.88;;;17.14;97.73
10006;BME280;5042;42.626;23.382;2020-06-10T12:29:13;93899.28;;;16.80;97.85
10006;BME280;5042;42.626;23.382;2020-06-10T12:31:54;93909.22;;;16.89;100.00
10006;BME280;5042;42.626;23.382;2020-06-10T12:34:51;93929.16;;;16.92;99.50
10006;BME280;5042;42.626;23.382;2020-06-10T12:37:40;93932.59;;;16.92;95.39
10006;BME280;5042;42.626;23.382;2020-06-10T12:40:35;93920.50;;;16.97;92.98
10006;BME280;5042;42.626;23.382;2020-06-10T12:43:31;93918.66;;;17.14;97.20
10006;BME280;5042;42.626;23.382;2020-06-10T12:46:15;93927.22;;;17.21;96.63
10006;BME280;5042;42.626;23.382;2020-06-10T12:48:57;93926.09;;;17.17;94.72
10006;BME280;5042;42.626;23.382;2020-06-10T12:51:43;93911.19;;;17.11;96.46
10006;BME280;5042;42.626;23.382;2020-06-10T12:54:27;93912.06;;;17.16;96.36
10006;BME280;5042;42.626;23.382;2020-06-10T12:57:11;93916.94;;;17.25;93.70
10006;BME280;5042;42.626;23.382;2020-06-10T12:59:55;93929.47;;;17.29;92.78
10006;BME280;5042;42.626;23.382;2020-06-10T13:02:45;93925.44;;;17.44;92.88
10006;BME280;5042;42.626;23.382;2020-06-10T13:05:37;93941.53;;;17.37;93.34
10006;BME280;5042;42.626;23.382;2020-06-10T13:08:21;93940.34;;;16.82;94.47
10006;BME280;5042;42.626;23.382;2020-06-10T13:10:52;93947.06;;;16.73;92.77
10006;BME280;5042;42.626;23.382;2020-06-10T13:13:30;93931.88;;;16.80;92.42
10006;BME280;5042;42.626;23.382;2020-06-10T13:19:10;93937.81;;;16.87;92.06
10006;BME280;5042;42.626;23.382;2020-06-10T13:21:53;93933.25;;;17.00;94.22
10006;BME280;5042;42.626;23.382;2020-06-10T13:24:44;93920.31;;;17.20;96.46
10006;BME280;5042;42.626;23.382;2020-06-10T13:27:28;93930.66;;;17.38;91.26
10006;BME280;5042;42.626;23.382;2020-06-10T13:30:12;93925.03;;;17.52;91.64
10006;BME280;5042;42.626;23.382;2020-06-10T13:32:56;93923.00;;;17.76;88.84
10006;BME280;5042;42.626;23.382;2020-06-10T13:35:39;93927.47;;;17.92;92.08
10006;BME280;5042;42.626;23.382;2020-06-10T13:38:20;93922.12;;;18.09;87.93
10006;BME280;5042;42.626;23.382;2020-06-10T13:40:57;93922.22;;;18.19;86.28
10006;BME280;5042;42.626;23.382;2020-06-10T13:43:47;93917.84;;;18.30;88.47
10006;BME280;5042;42.626;23.382;2020-06-10T13:46:31;93918.16;;;18.34;87.67
10006;BME280;5042;42.626;23.382;2020-06-10T13:49:15;93912.47;;;18.47;91.21
10006;BME280;5042;42.626;23.382;2020-06-10T13:52:03;93913.44;;;18.63;87.44
10006;BME280;5042;42.626;23.382;2020-06-10T13:54:45;93911.06;;;18.67;88.86
10006;BME280;5042;42.626;23.382;2020-06-10T13:57:41;93912.78;;;18.29;91.37
10006;BME280;5042;42.626;23.382;2020-06-10T14:00:25;93905.34;;;18.53;92.04
10006;BME280;5042;42.626;23.382;2020-06-10T14:03:09;93898.75;;;18.55;93.71
10006;BME280;5042;42.626;23.382;2020-06-10T14:05:48;93884.72;;;18.60;97.18
10006;BME280;5042;42.626;23.382;2020-06-10T14:08:30;93885.50;;;18.82;98.73
10006;BME280;5042;42.626;23.382;2020-06-10T14:10:56;93885.19;;;19.11;97.82
10006;BME280;5042;42.626;23.382;2020-06-10T14:13:21;93883.41;;;19.22;97.74
10006;BME280;5042;42.626;23.382;2020-06-10T14:16:06;93885.66;;;19.40;95.79
10006;BME280;5042;42.626;23.382;2020-06-10T14:18:50;93890.56;;;19.59;96.05
10006;BME280;5042;42.626;23.382;2020-06-10T14:21:43;93897.38;;;19.39;94.16
10006;BME280;5042;42.626;23.382;2020-06-10T14:24:34;93902.19;;;19.47;92.17
10006;BME280;5042;42.626;23.382;2020-06-10T14:27:17;93911.84;;;19.59;93.57
10006;BME280;5042;42.626;23.382;2020-06-10T14:29:50;93910.00;;;19.64;93.40
10006;BME280;5042;42.626;23.382;2020-06-10T14:32:20;93910.91;;;19.75;92.60
10006;BME280;5042;42.626;23.382;2020-06-10T14:35:05;93914.16;;;19.87;89.04
10006;BME280;5042;42.626;23.382;2020-06-10T14:37:55;93912.41;;;20.08;89.37
10006;BME280;5042;42.626;23.382;2020-06-10T14:40:39;93905.03;;;20.31;86.38
10006;BME280;5042;42.626;23.382;2020-06-10T14:43:24;93912.50;;;20.34;84.10
10006;BME280;5042;42.626;23.382;2020-06-10T14:46:10;93901.59;;;20.36;85.09
10006;BME280;5042;42.626;23.382;2020-06-10T14:48:46;93902.13;;;20.38;85.45
10006;BME280;5042;42.626;23.382;2020-06-10T14:51:34;93899.56;;;20.58;86.03
10006;BME280;5042;42.626;23.382;2020-06-10T14:54:19;93899.03;;;20.71;81.07
10006;BME280;5042;42.626;23.382;2020-06-10T14:56:58;93884.44;;;20.89;82.19
10006;BME280;5042;42.626;23.382;2020-06-10T14:59:33;93888.41;;;20.97;79.25
10006;BME280;5042;42.626;23.382;2020-06-10T15:02:11;93884.97;;;21.02;77.99
10006;BME280;5042;42.626;23.382;2020-06-10T15:04:44;93880.44;;;21.12;76.91
10006;BME280;5042;42.626;23.382;2020-06-10T15:07:11;93880.69;;;21.21;77.13
10006;BME280;5042;42.626;23.382;2020-06-10T15:09:50;93874.56;;;21.26;79.43
10006;BME280;5042;42.626;23.382;2020-06-10T15:12:26;93869.50;;;21.39;79.19
10006;BME280;5042;42.626;23.382;2020-06-10T15:15:10;93862.84;;;21.22;76.84
10006;BME280;5042;42.626;23.382;2020-06-10T15:17:51;93860.94;;;21.37;76.85
10006;BME280;5042;42.626;23.382;2020-06-10T15:20:38;93860.69;;;21.39;76.32
10006;BME280;5042;42.626;23.382;2020-06-10T15:23:24;93859.13;;;21.43;73.53
10006;BME280;5042;42.626;23.382;2020-06-10T15:26:01;93854.56;;;21.64;75.96
10006;BME280;5042;42.626;23.382;2020-06-10T15:28:45;93842.47;;;21.87;73.63
10006;BME280;5042;42.626;23.382;2020-06-10T15:31:22;93843.00;;;21.84;72.34
10006;BME280;5042;42.626;23.382;2020-06-10T15:34:04;93832.59;;;21.83;71.02
10006;BME280;5042;42.626;23.382;2020-06-10T15:36:42;93817.13;;;21.85;71.47
10006;BME280;5042;42.626;23.382;2020-06-10T15:39:29;93817.44;;;21.68;74.03
10006;BME280;5042;42.626;23.382;2020-06-10T15:42:07;93788.47;;;21.25;74.98
10006;BME280;5042;42.626;23.382;2020-06-10T15:44:51;93812.19;;;21.27;76.02
10006;BME280;5042;42.626;23.382;2020-06-10T15:47:36;93820.19;;;21.32;75.69
10006;BME280;5042;42.626;23.382;2020-06-10T15:50:19;93821.25;;;21.21;77.64
10006;BME280;5042;42.626;23.382;2020-06-10T15:53:12;93822.34;;;21.20;76.79
10006;BME280;5042;42.626;23.382;2020-06-10T15:55:57;93815.44;;;20.98;77.90
10006;BME280;5042;42.626;23.382;2020-06-10T15:58:41;93811.69;;;20.99;80.49
10006;BME280;5042;42.626;23.382;2020-06-10T16:01:38;93813.81;;;20.87;83.56
10006;BME280;5042;42.626;23.382;2020-06-10T16:04:24;93814.38;;;20.84;84.19
10006;BME280;5042;42.626;23.382;2020-06-10T16:07:36;93819.41;;;20.75;84.48
10006;BME280;5042;42.626;23.382;2020-06-10T16:10:26;93821.81;;;20.61;86.66
10006;BME280;5042;42.626;23.382;2020-06-10T16:13:10;93816.44;;;20.51;88.90
10006;BME280;5042;42.626;23.382;2020-06-10T16:15:51;93814.03;;;20.49;88.97
10006;BME280;5042;42.626;23.382;2020-06-10T16:18:34;93803.13;;;20.46;89.67
10006;BME280;5042;42.626;23.382;2020-06-10T16:21:17;93788.75;;;20.37;90.75
10006;BME280;5042;42.626;23.382;2020-06-10T16:23:59;93792.47;;;20.46;92.06
10006;BME280;5042;42.626;23.382;2020-06-10T16:26:53;93795.16;;;20.41;92.65
10006;BME280;5042;42.626;23.382;2020-06-10T16:29:40;93796.97;;;20.30;93.01
10006;BME280;5042;42.626;23.382;2020-06-10T16:32:33;93795.03;;;20.05;94.50
10006;BME280;5042;42.626;23.382;2020-06-10T16:35:14;93790.78;;;19.99;95.44
10006;BME280;5042;42.626;23.382;2020-06-10T16:37:57;93789.72;;;20.05;96.79
10006;BME280;5042;42.626;23.382;2020-06-10T16:40:44;93799.56;;;20.04;98.84
10006;BME280;5042;42.626;23.382;2020-06-10T16:43:22;93791.81;;;19.87;98.45
10006;BME280;5042;42.626;23.382;2020-06-10T16:46:11;93787.28;;;19.83;99.43
10006;BME280;5042;42.626;23.382;2020-06-10T16:48:51;93784.53;;;19.67;100.00
10006;BME280;5042;42.626;23.382;2020-06-10T16:51:51;93778.38;;;19.57;100.00
10006;BME280;5042;42.626;23.382;2020-06-10T16:54:32;93773.78;;;19.42;100.00
10006;BME280;5042;42.626;23.382;2020-06-10T16:57:16;93782.25;;;19.34;100.00
10006;BME280;5042;42.626;23.382;2020-06-10T17:00:00;93774.81;;;19.36;100.00
10006;BME280;5042;42.626;23.382;2020-06-10T17:02:41;93782.50;;;19.32;100.00
10006;BME280;5042;42.626;23.382;2020-06-10T17:05:20;93783.84;;;19.35;100.00
10006;BME280;5042;42.626;23.382;2020-06-10T17:08:05;93780.63;;;19.27;100.00
10006;BME280;5042;42.626;23.382;2020-06-10T17:10:45;93792.50;;;19.15;100.00
10006;BME280;5042;42.626;23.382;2020-06-10T17:13:24;93796.44;;;19.07;100.00
10006;BME280;5042;42.626;23.382;2020-06-10T17:16:08;93798.81;;;19.03;100.00
10006;BME280;5042;42.626;23.382;2020-06-10T17:19:00;93799.31;;;19.00;100.00
10006;BME280;5042;42.626;23.382;2020-06-10T17:21:41;93797.16;;;18.92;100.00
10006;BME280;5042;42.626;23.382;2020-06-10T17:24:22;93797.13;;;18.87;100.00
10006;BME280;5042;42.626;23.382;2020-06-10T17:27:07;93790.66;;;18.78;100.00
10006;BME280;5042;42.626;23.382;2020-06-10T17:29:48;93796.47;;;18.75;100.00
10006;BME280;5042;42.626;23.382;2020-06-10T17:32:26;93798.06;;;18.76;100.00
10006;BME280;5042;42.626;23.382;2020-06-10T17:35:11;93799.28;;;18.95;100.00
10006;BME280;5042;42.626;23.382;2020-06-10T17:38:05;93800.94;;;19.01;100.00
10006;BME280;5042;42.626;23.382;2020-06-10T17:40:50;93809.12;;;19.00;100.00
10006;BME280;5042;42.626;23.382;2020-06-10T17:43:29;93809.53;;;19.19;100.00
10006;BME280;5042;42.626;23.382;2020-06-10T17:46:13;93803.75;;;18.90;100.00
10006;BME280;5042;42.626;23.382;2020-06-10T17:49:09;93810.22;;;18.99;100.00
10006;BME280;5042;42.626;23.382;2020-06-10T17:52:09;93814.38;;;18.90;100.00
10006;BME280;5042;42.626;23.382;2020-06-10T17:54:53;93801.03;;;18.52;100.00
10006;BME280;5042;42.626;23.382;2020-06-10T17:57:44;93815.53;;;18.39;100.00
10006;BME280;5042;42.626;23.382;2020-06-10T18:00:37;93821.13;;;18.43;100.00
10006;BME280;5042;42.626;23.382;2020-06-10T18:03:18;93814.34;;;18.25;100.00
10006;BME280;5042;42.626;23.382;2020-06-10T18:06:02;93817.75;;;18.20;100.00
10006;BME280;5042;42.626;23.382;2020-06-10T18:08:46;93828.31;;;18.15;100.00
10006;BME280;5042;42.626;23.382;2020-06-10T18:11:35;93829.34;;;18.14;100.00
10006;BME280;5042;42.626;23.382;2020-06-10T18:14:20;93803.78;;;17.81;100.00
10006;BME280;5042;42.626;23.382;2020-06-10T18:17:05;93835.44;;;18.15;100.00
10006;BME280;5042;42.626;23.382;2020-06-10T18:19:45;93836.34;;;18.26;100.00
10006;BME280;5042;42.626;23.382;2020-06-10T18:22:26;93841.87;;;18.46;100.00
10006;BME280;5042;42.626;23.382;2020-06-10T18:25:22;93845.91;;;18.27;100.00
10006;BME280;5042;42.626;23.382;2020-06-10T18:28:03;93850.97;;;18.01;100.00
10006;BME280;5042;42.626;23.382;2020-06-10T18:30:53;93854.41;;;18.01;100.00
10006;BME280;5042;42.626;23.382;2020-06-10T18:33:29;93851.94;;;17.95;100.00
10006;BME280;5042;42.626;23.382;2020-06-10T18:36:18;93849.28;;;17.95;100.00
10006;BME280;5042;42.626;23.382;2020-06-10T18:39:12;93847.16;;;17.75;100.00
10006;BME280;5042;42.626;23.382;2020-06-10T18:41:57;93826.19;;;17.73;100.00
10006;BME280;5042;42.626;23.382;2020-06-10T18:44:41;93843.37;;;17.88;100.00
10006;BME280;5042;42.626;23.382;2020-06-10T18:47:25;93840.72;;;17.88;100.00
10006;BME280;5042;42.626;23.382;2020-06-10T18:50:04;93842.91;;;17.96;100.00
10006;BME280;5042;42.626;23.382;2020-06-10T18:52:40;93849.72;;;17.70;100.00
10006;BME280;5042;42.626;23.382;2020-06-10T18:55:36;93848.69;;;17.49;100.00
10006;BME280;5042;42.626;23.382;2020-06-10T18:58:12;93845.28;;;17.53;100.00
10006;BME280;5042;42.626;23.382;2020-06-10T19:00:56;93847.91;;;17.31;100.00
10006;BME280;5042;42.626;23.382;2020-06-10T19:03:41;93862.84;;;17.37;100.00
10006;BME280;5042;42.626;23.382;2020-06-10T19:06:26;93868.28;;;17.48;100.00
10006;BME280;5042;42.626;23.382;2020-06-10T19:09:12;93876.22;;;17.48;100.00
10006;BME280;5042;42.626;23.382;2020-06-10T19:11:56;93873.06;;;17.51;99.55
10006;BME280;5042;42.626;23.382;2020-06-10T19:14:41;93878.31;;;17.46;99.65
10006;BME280;5042;42.626;23.382;2020-06-10T19:17:25;93875.00;;;17.55;94.43
10006;BME280;5042;42.626;23.382;2020-06-10T19:20:09;93880.91;;;17.63;91.68
10006;BME280;5042;42.626;23.382;2020-06-10T19:22:49;93880.69;;;17.64;90.72
10006;BME280;5042;42.626;23.382;2020-06-10T19:25:33;93881.06;;;17.73;90.85
10006;BME280;5042;42.626;23.382;2020-06-10T19:28:18;93877.69;;;17.77;89.84
10006;BME280;5042;42.626;23.382;2020-06-10T19:30:56;93872.37;;;17.77;89.39
10006;BME280;5042;42.626;23.382;2020-06-10T19:33:43;93866.63;;;17.80;90.03
10006;BME280;5042;42.626;23.382;2020-06-10T19:36:28;93870.84;;;17.82;90.44
10006;BME280;5042;42.626;23.382;2020-06-10T19:39:07;93869.56;;;17.84;90.16
10006;BME280;5042;42.626;23.382;2020-06-10T19:41:51;93871.47;;;17.89;89.99
10006;BME280;5042;42.626;23.382;2020-06-10T19:44:31;93872.31;;;17.33;92.23
10006;BME280;5042;42.626;23.382;2020-06-10T19:47:15;93873.22;;;17.05;96.03
10006;BME280;5042;42.626;23.382;2020-06-10T19:49:51;93870.66;;;16.93;96.35
10006;BME280;5042;42.626;23.382;2020-06-10T19:52:27;93870.97;;;16.80;97.00
10006;BME280;5042;42.626;23.382;2020-06-10T19:55:11;93880.97;;;16.78;95.04
10006;BME280;5042;42.626;23.382;2020-06-10T19:57:52;93885.38;;;16.72;91.02
10006;BME280;5042;42.626;23.382;2020-06-10T20:00:41;93885.25;;;16.79;93.12
10006;BME280;5042;42.626;23.382;2020-06-10T20:03:25;93889.75;;;16.95;93.53
10006;BME280;5042;42.626;23.382;2020-06-10T20:06:05;93889.44;;;17.09;92.99
10006;BME280;5042;42.626;23.382;2020-06-10T20:09:00;93894.09;;;17.02;92.77
10006;BME280;5042;42.626;23.382;2020-06-10T20:11:36;93896.16;;;17.16;92.09
10006;BME280;5042;42.626;23.382;2020-06-10T20:14:32;93905.56;;;17.24;91.31
10006;BME280;5042;42.626;23.382;2020-06-10T20:17:28;93916.00;;;17.31;90.86
10006;BME280;5042;42.626;23.382;2020-06-10T20:20:09;93908.34;;;17.34;90.26
10006;BME280;5042;42.626;23.382;2020-06-10T20:23:04;93916.41;;;17.40;91.35
10006;BME280;5042;42.626;23.382;2020-06-10T20:25:56;93921.84;;;17.50;91.06
10006;BME280;5042;42.626;23.382;2020-06-10T20:28:33;93928.31;;;17.59;90.99
10006;BME280;5042;42.626;23.382;2020-06-10T20:31:13;93922.31;;;17.64;91.47
10006;BME280;5042;42.626;23.382;2020-06-10T20:33:58;93921.56;;;17.68;93.48
10006;BME280;5042;42.626;23.382;2020-06-10T20:36:42;93917.63;;;17.71;93.46
10006;BME280;5042;42.626;23.382;2020-06-10T20:39:29;93921.69;;;17.78;93.63
10006;BME280;5042;42.626;23.382;2020-06-10T20:42:10;93937.69;;;17.84;93.97
10006;BME280;5042;42.626;23.382;2020-06-10T20:44:46;93941.47;;;17.88;94.84
10006;BME280;5042;42.626;23.382;2020-06-10T20:47:27;93932.41;;;17.84;96.90
10006;BME280;5042;42.626;23.382;2020-06-10T20:50:08;93929.25;;;17.70;98.95
10006;BME280;5042;42.626;23.382;2020-06-10T20:52:52;93927.00;;;17.78;99.79
10006;BME280;5042;42.626;23.382;2020-06-10T20:55:36;93926.94;;;17.73;100.00
10006;BME280;5042;42.626;23.382;2020-06-10T20:58:15;93922.66;;;17.72;100.00
10006;BME280;5042;42.626;23.382;2020-06-10T21:01:21;93931.84;;;17.82;100.00
10006;BME280;5042;42.626;23.382;2020-06-10T21:04:11;93929.81;;;17.89;100.00
10006;BME280;5042;42.626;23.382;2020-06-10T21:06:53;93927.47;;;17.92;100.00
10006;BME280;5042;42.626;23.382;2020-06-10T21:09:35;93923.41;;;17.85;100.00
10006;BME280;5042;42.626;23.382;2020-06-10T21:12:14;93918.16;;;17.90;100.00
10006;BME280;5042;42.626;23.382;2020-06-10T21:14:53;93914.97;;;17.88;100.00
10006;BME280;5042;42.626;23.382;2020-06-10T21:17:34;93908.88;;;17.53;100.00
10006;BME280;5042;42.626;23.382;2020-06-10T21:20:27;93902.59;;;16.75;100.00
10006;BME280;5042;42.626;23.382;2020-06-10T21:23:09;93899.78;;;16.65;100.00
10006;BME280;5042;42.626;23.382;2020-06-10T21:25:37;93899.72;;;16.60;100.00
10006;BME280;5042;42.626;23.382;2020-06-10T21:28:06;93895.41;;;16.13;100.00
10006;BME280;5042;42.626;23.382;2020-06-10T21:30:34;93893.28;;;15.98;100.00
10006;BME280;5042;42.626;23.382;2020-06-10T21:33:14;93899.06;;;16.24;100.00
10006;BME280;5042;42.626;23.382;2020-06-10T21:35:55;93888.66;;;16.05;100.00
10006;BME280;5042;42.626;23.382;2020-06-10T21:38:47;93888.84;;;16.73;100.00
10006;BME280;5042;42.626;23.382;2020-06-10T21:41:26;93888.84;;;16.73;100.00
10006;BME280;5042;42.626;23.382;2020-06-10T21:44:06;93895.09;;;16.38;100.00
10006;BME280;5042;42.626;23.382;2020-06-10T21:46:37;93883.19;;;16.52;100.00
10006;BME280;5042;42.626;23.382;2020-06-10T21:49:13;93886.72;;;16.58;100.00
10006;BME280;5042;42.626;23.382;2020-06-10T21:51:46;93879.41;;;16.48;100.00
10006;BME280;5042;42.626;23.382;2020-06-10T21:54:24;93889.56;;;16.40;100.00
10006;BME280;5042;42.626;23.382;2020-06-10T21:56:51;93897.66;;;16.33;100.00
10006;BME280;5042;42.626;23.382;2020-06-10T21:59:18;93900.75;;;16.30;100.00
10006;BME280;5042;42.626;23.382;2020-06-10T22:02:12;93907.06;;;16.00;100.00
10006;BME280;5042;42.626;23.382;2020-06-10T22:05:07;93916.41;;;15.79;100.00
10006;BME280;5042;42.626;23.382;2020-06-10T22:07:53;93921.81;;;15.49;100.00
10006;BME280;5042;42.626;23.382;2020-06-10T22:10:31;93934.69;;;15.34;100.00
10006;BME280;5042;42.626;23.382;2020-06-10T22:13:15;93937.22;;;15.29;100.00
10006;BME280;5042;42.626;23.382;2020-06-10T22:15:54;93938.81;;;15.30;100.00
10006;BME280;5042;42.626;23.382;2020-06-10T22:18:38;93938.69;;;15.48;100.00
10006;BME280;5042;42.626;23.382;2020-06-10T22:21:22;93938.34;;;15.56;100.00
10006;BME280;5042;42.626;23.382;2020-06-10T22:24:06;93934.91;;;15.56;100.00
10006;BME280;5042;42.626;23.382;2020-06-10T22:26:54;93940.28;;;15.61;100.00
10006;BME280;5042;42.626;23.382;2020-06-10T22:29:30;93931.56;;;15.60;100.00
10006;BME280;5042;42.626;23.382;2020-06-10T22:32:17;93931.78;;;15.59;100.00
10006;BME280;5042;42.626;23.382;2020-06-10T22:35:07;93925.72;;;15.58;100.00
10006;BME280;5042;42.626;23.382;2020-06-10T22:37:39;93915.62;;;15.55;100.00
10006;BME280;5042;42.626;23.382;2020-06-10T22:40:11;93908.03;;;15.47;100.00
10006;BME280;5042;42.626;23.382;2020-06-10T22:42:56;93909.41;;;15.61;100.00
10006;BME280;5042;42.626;23.382;2020-06-10T22:45:27;93911.59;;;15.64;100.00
10006;BME280;5042;42.626;23.382;2020-06-10T22:47:54;93919.97;;;15.61;100.00
10006;BME280;5042;42.626;23.382;2020-06-10T22:50:20;93925.97;;;15.57;100.00
10006;BME280;5042;42.626;23.382;2020-06-10T22:52:47;93936.53;;;15.80;100.00
10006;BME280;5042;42.626;23.382;2020-06-10T22:55:26;93939.25;;;15.97;100.00
10006;BME280;5042;42.626;23.382;2020-06-10T22:58:09;93945.81;;;16.06;100.00
10006;BME280;5042;42.626;23.382;2020-06-10T23:01:00;93942.41;;;16.23;100.00
10006;BME280;5042;42.626;23.382;2020-06-10T23:03:50;93946.16;;;16.39;100.00
10006;BME280;5042;42.626;23.382;2020-06-10T23:06:36;93948.87;;;16.44;100.00
10006;BME280;5042;42.626;23.382;2020-06-10T23:09:26;93949.13;;;16.71;100.00
10006;BME280;5042;42.626;23.382;2020-06-10T23:12:16;93943.84;;;16.71;100.00
10006;BME280;5042;42.626;23.382;2020-06-10T23:15:01;93952.06;;;16.58;99.70
10006;BME280;5042;42.626;23.382;2020-06-10T23:17:29;93941.00;;;16.61;100.00
10006;BME280;5042;42.626;23.382;2020-06-10T23:19:55;93929.56;;;16.72;100.00
10006;BME280;5042;42.626;23.382;2020-06-10T23:22:21;93924.00;;;16.85;100.00
10006;BME280;5042;42.626;23.382;2020-06-10T23:24:52;93925.31;;;17.00;100.00
10006;BME280;5042;42.626;23.382;2020-06-10T23:27:34;93920.16;;;17.10;99.21
10006;BME280;5042;42.626;23.382;2020-06-10T23:30:11;93916.78;;;17.14;93.98
10006;BME280;5042;42.626;23.382;2020-06-10T23:32:55;93917.19;;;17.23;91.86
10006;BME280;5042;42.626;23.382;2020-06-10T23:35:41;93912.47;;;17.25;92.88
10006;BME280;5042;42.626;23.382;2020-06-10T23:38:21;93926.19;;;17.22;92.75
10006;BME280;5042;42.626;23.382;2020-06-10T23:40:58;93922.00;;;17.26;93.63
10006;BME280;5042;42.626;23.382;2020-06-10T23:43:37;93927.09;;;17.11;96.06
10006;BME280;5042;42.626;23.382;2020-06-10T23:46:20;93931.88;;;17.14;94.51
10006;BME280;5042;42.626;23.382;2020-06-10T23:49:11;93944.16;;;16.74;96.44
10006;BME280;5042;42.626;23.382;2020-06-10T23:51:55;93939.69;;;16.46;100.00
10006;BME280;5042;42.626;23.382;2020-06-10T23:54:44;93943.66;;;16.20;99.44
10006;BME280;5042;42.626;23.382;2020-06-10T23:57:16;93955.91;;;16.09;99.65
