sensor_id;sensor_type;location;lat;lon;timestamp;counts_per_minute;hv_pulses;tube;counts;sample_time_ms
31122;Radiation_Si22G;32440;48.77895659;9.15962714;2020-06-10T00:01:38;87;146;;220;150353
31122;Radiation_Si22G;32440;48.77895659;9.15962714;2020-06-10T00:06:34;72;150;;180;149165
31122;Radiation_Si22G;32440;48.77895659;9.15962714;2020-06-10T00:08:50;72;113;;181;150294
31122;Radiation_Si22G;32440;48.77895659;9.15962714;2020-06-10T00:11:27;81;130;;199;147324
31122;Radiation_Si22G;32440;48.77895659;9.15962714;2020-06-10T00:13:55;81;123;;209;153177
31122;Radiation_Si22G;32440;48.77895659;9.15962714;2020-06-10T00:16:39;80;125;;201;150408
31122;Radiation_Si22G;32440;48.77895659;9.15962714;2020-06-10T00:18:55;81;112;;202;149513
31122;Radiation_Si22G;32440;48.77895659;9.15962714;2020-06-10T00:21:39;76;125;;191;149817
31122;Radiation_Si22G;32440;48.77895659;9.15962714;2020-06-10T00:23:54;76;112;;192;150386
31122;Radiation_Si22G;32440;48.77895659;9.15962714;2020-06-10T00:26:21;74;127;;186;150292
31122;Radiation_Si22G;32440;48.77895659;9.15962714;2020-06-10T00:29:09;78;129;;194;148356
31122;Radiation_Si22G;32440;48.77895659;9.15962714;2020-06-10T00:31:29;83;112;;208;150279
31122;Radiation_Si22G;32440;48.77895659;9.15962714;2020-06-10T00:34:00;84;122;;212;150068
31122;Radiation_Si22G;32440;48.77895659;9.15962714;2020-06-10T00:36:41;82;117;;203;148472
31122;Radiation_Si22G;32440;48.77895659;9.15962714;2020-06-10T00:39:04;84;110;;214;152712
31122;Radiation_Si22G;32440;48.77895659;9.15962714;2020-06-10T00:41:43;89;112;;222;149637
31122;Radiation_Si22G;32440;48.77895659;9.15962714;2020-06-10T00:43:45;79;107;;199;150507
31122;Radiation_Si22G;32440;48.77895659;9.15962714;2020-06-10T00:46:16;82;135;;206;149947
31122;Radiation_Si22G;32440;48.77895659;9.15962714;2020-06-10T00:49:01;84;135;;209;148792
31122;Radiation_Si22G;32440;48.77895659;9.15962714;2020-06-10T00:51:14;81;119;;205;151261
31122;Radiation_Si22G;32440;48.77895659;9.15962714;2020-06-10T00:53:42;78;136;;195;148402
31122;Radiation_Si22G;32440;48.77895659;9.15962714;2020-06-10T00:56:24;76;139;;193;151340
31122;Radiation_Si22G;32440;48.77895659;9.15962714;2020-06-10T00:59:09;82;126;;205;149544
31122;Radiation_Si22G;32440;48.77895659;9.15962714;2020-06-10T01:01:38;80;112;;203;150698
31122;Radiation_Si22G;32440;48.77895659;9.15962714;2020-06-10T01:04:12;91;111;;228;148697
31122;Radiation_Si22G;32440;48.77895659;9.15962714;2020-06-10T01:06:27;76;101;;193;151195
31122;Radiation_Si22G;32440;48.77895659;9.15962714;2020-06-10T01:08:51;74;124;;187;149954
31122;Radiation_Si22G;32440;48.77895659;9.15962714;2020-06-10T01:11:30;78;130;;196;149341
31122;Radiation_Si22G;32440;48.77895659;9.15962714;2020-06-10T01:14:04;76;121;;190;149414
31122;Radiation_Si22G;32440;48.77895659;9.15962714;2020-06-10T01:16:18;68;116;;172;151295
31122;Radiation_Si22G;32440;48.77895659;9.15962714;2020-06-10T01:19:04;87;133;;217;148659
31122;Radiation_Si22G;32440;48.77895659;9.15962714;2020-06-10T01:21:18;83;116;;211;151019
31122;Radiation_Si22G;32440;48.77895659;9.15962714;2020-06-10T01:24:07;85;133;;213;149997
31122;Radiation_Si22G;32440;48.77895659;9.15962714;2020-06-10T01:26:40;72;113;;182;150198
31122;Radiation_Si22G;32440;48.77895659;9.15962714;2020-06-10T01:28:50;83;110;;210;150218
31122;Radiation_Si22G;32440;48.77895659;9.15962714;2020-06-10T01:31:28;78;130;;196;149054
31122;Radiation_Si22G;32440;48.77895659;9.15962714;2020-06-10T01:33:51;79;122;;200;150967
31122;Radiation_Si22G;32440;48.77895659;9.15962714;2020-06-10T01:36:34;83;123;;208;149031
31122;Radiation_Si22G;32440;48.77895659;9.15962714;2020-06-10T01:38:45;80;117;;201;149821
31122;Radiation_Si22G;32440;48.77895659;9.15962714;2020-06-10T01:41:40;86;136;;216;150319
31122;Radiation_Si22G;32440;48.77895659;9.15962714;2020-06-10T01:44:00;71;110;;179;149408
31122;Radiation_Si22G;32440;48.77895659;9.15962714;2020-06-10T01:46:28;81;121;;205;150380
31122;Radiation_Si22G;32440;48.77895659;9.15962714;2020-06-10T01:48:54;72;122;;183;150669
31122;Radiation_Si22G;32440;48.77895659;9.15962714;2020-06-10T01:51:18;82;127;;205;149547
31122;Radiation_Si22G;32440;48.77895659;9.15962714;2020-06-10T01:53:48;79;133;;198;149854
31122;Radiation_Si22G;32440;48.77895659;9.15962714;2020-06-10T01:56:28;77;132;;193;149580
31122;Radiation_Si22G;32440;48.77895659;9.15962714;2020-06-10T01:59:10;83;123;;210;150438
31122;Radiation_Si22G;32440;48.77895659;9.15962714;2020-06-10T02:01:34;81;111;;199;147216
31122;Radiation_Si22G;32440;48.77895659;9.15962714;2020-06-10T02:04:08;80;117;;206;152749
31122;Radiation_Si22G;32440;48.77895659;9.15962714;2020-06-10T02:06:25;78;112;;193;147811
31122;Radiation_Si22G;32440;48.77895659;9.15962714;2020-06-10T02:08:51;80;126;;202;151288
31122;Radiation_Si22G;32440;48.77895659;9.15962714;2020-06-10T02:11:25;72;130;;182;151146
31122;Radiation_Si22G;32440;48.77895659;9.15962714;2020-06-10T02:14:09;77;126;;195;150496
31122;Radiation_Si22G;32440;48.77895659;9.15962714;2020-06-10T02:16:21;74;112;;186;149900
31122;Radiation_Si22G;32440;48.77895659;9.15962714;2020-06-10T02:18:58;87;130;;219;149606
31122;Radiation_Si22G;32440;48.77895659;9.15962714;2020-06-10T02:21:40;84;123;;211;150642
31122;Radiation_Si22G;32440;48.77895659;9.15962714;2020-06-10T02:23:32;83;111;;208;149684
31122;Radiation_Si22G;32440;48.77895659;9.15962714;2020-06-10T02:26:03;86;149;;216;150090
31122;Radiation_Si22G;32440;48.77895659;9.15962714;2020-06-10T02:28:50;87;148;;217;149254
31122;Radiation_Si22G;32440;48.77895659;9.15962714;2020-06-10T02:31:34;68;130;;173;150795
31122;Radiation_Si22G;32440;48.77895659;9.15962714;2020-06-10T02:33:51;78;117;;196;149224
31122;Radiation_Si22G;32440;48.77895659;9.15962714;2020-06-10T02:36:27;87;130;;219;150221
31122;Radiation_Si22G;32440;48.77895659;9.15962714;2020-06-10T02:38:55;76;124;;191;150664
31122;Radiation_Si22G;32440;48.77895659;9.15962714;2020-06-10T02:41:18;80;126;;201;150053
31122;Radiation_Si22G;32440;48.77895659;9.15962714;2020-06-10T02:43:45;83;132;;209;149746
31122;Radiation_Si22G;32440;48.77895659;9.15962714;2020-06-10T02:46:30;72;136;;180;149818
31122;Radiation_Si22G;32440;48.77895659;9.15962714;2020-06-10T02:49:12;77;121;;193;149520
31122;Radiation_Si22G;32440;48.77895659;9.15962714;2020-06-10T02:51:38;76;108;;192;150525
31122;Radiation_Si22G;32440;48.77895659;9.15962714;2020-06-10T02:53:56;72;112;;181;150247
31122;Radiation_Si22G;32440;48.77895659;9.15962714;2020-06-10T02:56:30;72;125;;182;149949
31122;Radiation_Si22G;32440;48.77895659;9.15962714;2020-06-10T02:59:07;81;121;;203;149949
31122;Radiation_Si22G;32440;48.77895659;9.15962714;2020-06-10T03:01:31;86;113;;217;150324
31122;Radiation_Si22G;32440;48.77895659;9.15962714;2020-06-10T03:04:07;80;120;;200;149448
31122;Radiation_Si22G;32440;48.77895659;9.15962714;2020-06-10T03:06:21;88;114;;219;148942
31122;Radiation_Si22G;32440;48.77895659;9.15962714;2020-06-10T03:09:13;71;130;;181;151165
31122;Radiation_Si22G;32440;48.77895659;9.15962714;2020-06-10T03:11:33;82;108;;205;148893
31122;Radiation_Si22G;32440;48.77895659;9.15962714;2020-06-10T03:14:00;71;118;;180;150985
31122;Radiation_Si22G;32440;48.77895659;9.15962714;2020-06-10T03:16:31;79;121;;198;150365
31122;Radiation_Si22G;32440;48.77895659;9.15962714;2020-06-10T03:19:02;86;120;;216;149394
31122;Radiation_Si22G;32440;48.77895659;9.15962714;2020-06-10T03:21:42;79;118;;199;150775
31122;Radiation_Si22G;32440;48.77895659;9.15962714;2020-06-10T03:23:41;77;109;;194;149757
31122;Radiation_Si22G;32440;48.77895659;9.15962714;2020-06-10T03:26:20;74;139;;185;149777
31122;Radiation_Si22G;32440;48.77895659;9.15962714;2020-06-10T03:28:45;77;131;;194;149334
31122;Radiation_Si22G;32440;48.77895659;9.15962714;2020-06-10T03:31:27;79;136;;198;150352
31122;Radiation_Si22G;32440;48.77895659;9.15962714;2020-06-10T03:33:46;84;124;;213;150544
31122;Radiation_Si22G;32440;48.77895659;9.15962714;2020-06-10T03:36:25;73;135;;179;146716
31122;Radiation_Si22G;32440;48.77895659;9.15962714;2020-06-10T03:38:54;76;126;;195;152569
31122;Radiation_Si22G;32440;48.77895659;9.15962714;2020-06-10T03:41:31;78;127;;196;149949
31122;Radiation_Si22G;32440;48.77895659;9.15962714;2020-06-10T03:44:04;87;120;;220;150679
31122;Radiation_Si22G;32440;48.77895659;9.15962714;2020-06-10T03:46:31;78;116;;196;150336
31122;Radiation_Si22G;32440;48.77895659;9.15962714;2020-06-10T03:49:00;88;120;;220;149957
31122;Radiation_Si22G;32440;48.77895659;9.15962714;2020-06-10T03:51:40;75;121;;188;149712
31122;Radiation_Si22G;32440;48.77895659;9.15962714;2020-06-10T03:54:15;75;111;;190;150138
31122;Radiation_Si22G;32440;48.77895659;9.15962714;2020-06-10T03:56:44;80;106;;201;150254
31122;Radiation_Si22G;32440;48.77895659;9.15962714;2020-06-10T03:58:45;74;106;;185;149981
31122;Radiation_Si22G;32440;48.77895659;9.15962714;2020-06-10T04:01:39;82;136;;207;150034
31122;Radiation_Si22G;32440;48.77895659;9.15962714;2020-06-10T04:04:00;85;112;;213;149601
31122;Radiation_Si22G;32440;48.77895659;9.15962714;2020-06-10T04:06:45;75;121;;188;150221
31122;Radiation_Si22G;32440;48.77895659;9.15962714;2020-06-10T04:08:57;80;107;;200;149836
31122;Radiation_Si22G;32440;48.77895659;9.15962714;2020-06-10T04:11:21;85;122;;212;149245
31122;Radiation_Si22G;32440;48.77895659;9.15962714;2020-06-10T04:14:07;76;130;;191;150314
31122;Radiation_Si22G;32440;48.77895659;9.15962714;2020-06-10T04:16:24;77;113;;195;150370
31122;Radiation_Si22G;32440;48.77895659;9.15962714;2020-06-10T04:18:57;81;127;;202;148505
31122;Radiation_Si22G;32440;48.77895659;9.15962714;2020-06-10T04:21:18;84;124;;213;151877
31122;Radiation_Si22G;32440;48.77895659;9.15962714;2020-06-10T04:24:13;79;133;;199;149629
31122;Radiation_Si22G;32440;48.77895659;9.15962714;2020-06-10T04:26:21;81;107;;203;149720
31122;Radiation_Si22G;32440;48.77895659;9.15962714;2020-06-10T04:29:07;88;130;;221;149704
31122;Radiation_Si22G;32440;48.77895659;9.15962714;2020-06-10T04:31:33;74;114;;186;149057
31122;Radiation_Si22G;32440;48.77895659;9.15962714;2020-06-10T04:33:54;85;118;;215;150378
31122;Radiation_Si22G;32440;48.77895659;9.15962714;2020-06-10T04:36:39;83;127;;209;150820
31122;Radiation_Si22G;32440;48.77895659;9.15962714;2020-06-10T04:38:53;92;112;;233;150449
31122;Radiation_Si22G;32440;48.77895659;9.15962714;2020-06-10T04:41:34;78;128;;196;149522
31122;Radiation_Si22G;32440;48.77895659;9.15962714;2020-06-10T04:43:51;88;117;;221;150661
31122;Radiation_Si22G;32440;48.77895659;9.15962714;2020-06-10T04:46:21;90;130;;227;149759
31122;Radiation_Si22G;32440;48.77895659;9.15962714;2020-06-10T04:48:55;79;130;;197;149409
31122;Radiation_Si22G;32440;48.77895659;9.15962714;2020-06-10T04:51:24;75;126;;189;149742
31122;Radiation_Si22G;32440;48.77895659;9.15962714;2020-06-10T04:53:54;77;126;;193;148582
31122;Radiation_Si22G;32440;48.77895659;9.15962714;2020-06-10T04:56:33;86;127;;215;149250
31122;Radiation_Si22G;32440;48.77895659;9.15962714;2020-06-10T04:58:52;83;118;;213;153012
31122;Radiation_Si22G;32440;48.77895659;9.15962714;2020-06-10T05:01:35;88;131;;221;150021
31122;Radiation_Si22G;32440;48.77895659;9.15962714;2020-06-10T05:03:55;91;115;;228;149895
31122;Radiation_Si22G;32440;48.77895659;9.15962714;2020-06-10T05:06:25;95;126;;238;149346
31122;Radiation_Si22G;32440;48.77895659;9.15962714;2020-06-10T05:08:57;81;125;;205;150990
31122;Radiation_Si22G;32440;48.77895659;9.15962714;2020-06-10T05:11:27;83;124;;209;149588
31122;Radiation_Si22G;32440;48.77895659;9.15962714;2020-06-10T05:13:49;86;124;;216;150376
31122;Radiation_Si22G;32440;48.77895659;9.15962714;2020-06-10T05:16:28;78;132;;195;148684
31122;Radiation_Si22G;32440;48.77895659;9.15962714;2020-06-10T05:18:45;83;123;;211;151150
31122;Radiation_Si22G;32440;48.77895659;9.15962714;2020-06-10T05:21:18;82;136;;206;149869
31122;Radiation_Si22G;32440;48.77895659;9.15962714;2020-06-10T05:24:10;74;132;;186;150091
31122;Radiation_Si22G;32440;48.77895659;9.15962714;2020-06-10T05:26:42;76;111;;191;149160
31122;Radiation_Si22G;32440;48.77895659;9.15962714;2020-06-10T05:29:02;83;109;;211;151103
31122;Radiation_Si22G;32440;48.77895659;9.15962714;2020-06-10T05:31:32;84;119;;209;148658
31122;Radiation_Si22G;32440;48.77895659;9.15962714;2020-06-10T05:33:55;86;118;;218;150543
31122;Radiation_Si22G;32440;48.77895659;9.15962714;2020-06-10T05:36:43;84;126;;210;149382
31122;Radiation_Si22G;32440;48.77895659;9.15962714;2020-06-10T05:38:54;83;108;;209;150347
31122;Radiation_Si22G;32440;48.77895659;9.15962714;2020-06-10T05:41:21;93;126;;235;150077
31122;Radiation_Si22G;32440;48.77895659;9.15962714;2020-06-10T05:44:12;89;130;;225;150792
31122;Radiation_Si22G;32440;48.77895659;9.15962714;2020-06-10T05:46:18;89;109;;223;150118
31122;Radiation_Si22G;32440;48.77895659;9.15962714;2020-06-10T05:48:55;76;130;;192;150142
31122;Radiation_Si22G;32440;48.77895659;9.15962714;2020-06-10T05:51:18;78;125;;196;149519
31122;Radiation_Si22G;32440;48.77895659;9.15962714;2020-06-10T05:53:55;87;129;;220;150330
31122;Radiation_Si22G;32440;48.77895659;9.15962714;2020-06-10T05:56:28;98;126;;246;150079
31122;Radiation_Si22G;32440;48.77895659;9.15962714;2020-06-10T05:58:55;85;122;;215;150014
31122;Radiation_Si22G;32440;48.77895659;9.15962714;2020-06-10T06:01:39;81;126;;205;150023
31122;Radiation_Si22G;32440;48.77895659;9.15962714;2020-06-10T06:04:09;84;112;;210;149691
31122;Radiation_Si22G;32440;48.77895659;9.15962714;2020-06-10T06:06:25;78;112;;197;150308
31122;Radiation_Si22G;32440;48.77895659;9.15962714;2020-06-10T06:09:00;81;126;;204;149963
31122;Radiation_Si22G;32440;48.77895659;9.15962714;2020-06-10T06:11:21;77;121;;194;149527
31122;Radiation_Si22G;32440;48.77895659;9.15962714;2020-06-10T06:14:04;77;129;;194;149683
31122;Radiation_Si22G;32440;48.77895659;9.15962714;2020-06-10T06:16:31;91;117;;229;149378
31122;Radiation_Si22G;32440;48.77895659;9.15962714;2020-06-10T06:18:54;92;120;;234;151065
31122;Radiation_Si22G;32440;48.77895659;9.15962714;2020-06-10T06:21:28;87;127;;219;150360
31122;Radiation_Si22G;32440;48.77895659;9.15962714;2020-06-10T06:23:48;87;122;;217;149514
31122;Radiation_Si22G;32440;48.77895659;9.15962714;2020-06-10T06:26:18;88;133;;223;150355
31122;Radiation_Si22G;32440;48.77895659;9.15962714;2020-06-10T06:28:42;81;132;;204;149980
31122;Radiation_Si22G;32440;48.77895659;9.15962714;2020-06-10T06:31:18;103;139;;252;145968
31122;Radiation_Si22G;32440;48.77895659;9.15962714;2020-06-10T06:34:00;94;133;;243;153979
31122;Radiation_Si22G;32440;48.77895659;9.15962714;2020-06-10T06:36:38;83;120;;208;149778
31122;Radiation_Si22G;32440;48.77895659;9.15962714;2020-06-10T06:38:51;82;113;;203;147637
31122;Radiation_Si22G;32440;48.77895659;9.15962714;2020-06-10T06:41:25;82;130;;209;152743
31122;Radiation_Si22G;32440;48.77895659;9.15962714;2020-06-10T06:43:48;81;126;;202;147972
31122;Radiation_Si22G;32440;48.77895659;9.15962714;2020-06-10T06:46:25;93;133;;238;151949
31122;Radiation_Si22G;32440;48.77895659;9.15962714;2020-06-10T06:49:09;87;126;;218;150113
31122;Radiation_Si22G;32440;48.77895659;9.15962714;2020-06-10T06:51:24;78;112;;197;149927
31122;Radiation_Si22G;32440;48.77895659;9.15962714;2020-06-10T06:53:51;87;127;;216;148604
31122;Radiation_Si22G;32440;48.77895659;9.15962714;2020-06-10T06:56:35;92;130;;227;146642
31122;Radiation_Si22G;32440;48.77895659;9.15962714;2020-06-10T06:59:08;79;116;;203;154088
31122;Radiation_Si22G;32440;48.77895659;9.15962714;2020-06-10T07:01:38;78;113;;197;150483
31122;Radiation_Si22G;32440;48.77895659;9.15962714;2020-06-10T07:03:57;91;113;;229;150144
31122;Radiation_Si22G;32440;48.77895659;9.15962714;2020-06-10T07:06:30;79;124;;198;149343
31122;Radiation_Si22G;32440;48.77895659;9.15962714;2020-06-10T07:09:05;91;121;;231;150752
31122;Radiation_Si22G;32440;48.77895659;9.15962714;2020-06-10T07:11:40;80;116;;200;149972
31122;Radiation_Si22G;32440;48.77895659;9.15962714;2020-06-10T07:14:09;91;111;;228;150023
31122;Radiation_Si22G;32440;48.77895659;9.15962714;2020-06-10T07:16:31;81;112;;204;149822
31122;Radiation_Si22G;32440;48.77895659;9.15962714;2020-06-10T07:19:03;73;120;;184;149766
31122;Radiation_Si22G;32440;48.77895659;9.15962714;2020-06-10T07:21:39;77;115;;194;149695
31122;Radiation_Si22G;32440;48.77895659;9.15962714;2020-06-10T07:24:00;97;112;;242;149150
31122;Radiation_Si22G;32440;48.77895659;9.15962714;2020-06-10T07:26:27;78;121;;199;151644
31122;Radiation_Si22G;32440;48.77895659;9.15962714;2020-06-10T07:29:09;88;124;;220;149690
31122;Radiation_Si22G;32440;48.77895659;9.15962714;2020-06-10T07:31:28;86;112;;215;149500
31122;Radiation_Si22G;32440;48.77895659;9.15962714;2020-06-10T07:33:48;81;122;;202;149034
31122;Radiation_Si22G;32440;48.77895659;9.15962714;2020-06-10T07:36:26;89;133;;226;150988
31122;Radiation_Si22G;32440;48.77895659;9.15962714;2020-06-10T07:38:54;83;125;;209;149868
31122;Radiation_Si22G;32440;48.77895659;9.15962714;2020-06-10T07:41:39;79;125;;199;150641
31122;Radiation_Si22G;32440;48.77895659;9.15962714;2020-06-10T07:43:54;81;112;;203;150136
31122;Radiation_Si22G;32440;48.77895659;9.15962714;2020-06-10T07:46:39;76;127;;191;150083
31122;Radiation_Si22G;32440;48.77895659;9.15962714;2020-06-10T07:48:51;78;111;;196;149738
31122;Radiation_Si22G;32440;48.77895659;9.15962714;2020-06-10T07:51:29;74;130;;183;148201
31122;Radiation_Si22G;32440;48.77895659;9.15962714;2020-06-10T07:54:09;75;116;;192;151994
31122;Radiation_Si22G;32440;48.77895659;9.15962714;2020-06-10T07:56:18;88;112;;218;148513
31122;Radiation_Si22G;32440;48.77895659;9.15962714;2020-06-10T07:59:03;88;133;;219;148529
31122;Radiation_Si22G;32440;48.77895659;9.15962714;2020-06-10T08:01:25;82;117;;208;150905
31122;Radiation_Si22G;32440;48.77895659;9.15962714;2020-06-10T08:04:11;82;126;;210;152006
31122;Radiation_Si22G;32440;48.77895659;9.15962714;2020-06-10T08:06:33;87;110;;220;150096
31122;Radiation_Si22G;32440;48.77895659;9.15962714;2020-06-10T08:08:51;87;118;;219;149719
31122;Radiation_Si22G;32440;48.77895659;9.15962714;2020-06-10T08:11:24;92;130;;231;149937
31122;Radiation_Si22G;32440;48.77895659;9.15962714;2020-06-10T08:13:53;93;123;;233;150151
31122;Radiation_Si22G;32440;48.77895659;9.15962714;2020-06-10T08:16:40;85;128;;211;148743
31122;Radiation_Si22G;32440;48.77895659;9.15962714;2020-06-10T08:18:48;91;111;;232;151505
31122;Radiation_Si22G;32440;48.77895659;9.15962714;2020-06-10T08:21:15;81;133;;202;148385
31122;Radiation_Si22G;32440;48.77895659;9.15962714;2020-06-10T08:23:51;94;135;;239;151321
31122;Radiation_Si22G;32440;48.77895659;9.15962714;2020-06-10T08:26:42;89;130;;225;150093
31122;Radiation_Si22G;32440;48.77895659;9.15962714;2020-06-10T08:29:13;91;107;;228;148996
31122;Radiation_Si22G;32440;48.77895659;9.15962714;2020-06-10T08:31:18;86;108;;217;151021
31122;Radiation_Si22G;32440;48.77895659;9.15962714;2020-06-10T08:34:00;86;133;;216;149170
31122;Radiation_Si22G;32440;48.77895659;9.15962714;2020-06-10T08:36:28;89;121;;223;149572
31122;Radiation_Si22G;32440;48.77895659;9.15962714;2020-06-10T08:38:42;76;123;;194;151315
31122;Radiation_Si22G;32440;48.77895659;9.15962714;2020-06-10T08:41:29;82;138;;205;148291
31122;Radiation_Si22G;32440;48.77895659;9.15962714;2020-06-10T08:44:01;85;122;;214;150639
31122;Radiation_Si22G;32440;48.77895659;9.15962714;2020-06-10T08:46:39;87;120;;219;150956
31122;Radiation_Si22G;32440;48.77895659;9.15962714;2020-06-10T08:48:58;89;112;;221;148871
31122;Radiation_Si22G;32440;48.77895659;9.15962714;2020-06-10T08:51:21;88;120;;221;150420
31122;Radiation_Si22G;32440;48.77895659;9.15962714;2020-06-10T08:54:00;87;130;;219;150864
31122;Radiation_Si22G;32440;48.77895659;9.15962714;2020-06-10T08:56:28;97;117;;243;149869
31122;Radiation_Si22G;32440;48.77895659;9.15962714;2020-06-10T08:58:58;88;120;;221;150086
31122;Radiation_Si22G;32440;48.77895659;9.15962714;2020-06-10T09:01:31;94;122;;237;149898
31122;Radiation_Si22G;32440;48.77895659;9.15962714;2020-06-10T09:03:58;87;117;;218;149758
31122;Radiation_Si22G;32440;48.77895659;9.15962714;2020-06-10T09:06:40;76;123;;191;149311
31122;Radiation_Si22G;32440;48.77895659;9.15962714;2020-06-10T09:09:25;91;110;;230;150351
31122;Radiation_Si22G;32440;48.77895659;9.15962714;2020-06-10T09:11:27;100;90;;252;150550
31122;Radiation_Si22G;32440;48.77895659;9.15962714;2020-06-10T09:14:05;83;122;;209;149517
31122;Radiation_Si22G;32440;48.77895659;9.15962714;2020-06-10T09:16:43;85;116;;214;150259
31122;Radiation_Si22G;32440;48.77895659;9.15962714;2020-06-10T09:19:00;90;107;;226;150364
31122;Radiation_Si22G;32440;48.77895659;9.15962714;2020-06-10T09:21:36;84;118;;211;149987
31122;Radiation_Si22G;32440;48.77895659;9.15962714;2020-06-10T09:23:54;90;115;;223;148050
31122;Radiation_Si22G;32440;48.77895659;9.15962714;2020-06-10T09:26:32;82;127;;207;149945
31122;Radiation_Si22G;32440;48.77895659;9.15962714;2020-06-10T09:28:57;80;119;;203;151538
31122;Radiation_Si22G;32440;48.77895659;9.15962714;2020-06-10T09:31:19;90;124;;225;149696
31122;Radiation_Si22G;32440;48.77895659;9.15962714;2020-06-10T09:33:51;88;132;;222;150700
31122;Radiation_Si22G;32440;48.77895659;9.15962714;2020-06-10T09:36:15;84;130;;212;150165
31122;Radiation_Si22G;32440;48.77895659;9.15962714;2020-06-10T09:38:55;88;136;;219;147983
31122;Radiation_Si22G;32440;48.77895659;9.15962714;2020-06-10T09:41:39;85;123;;210;147792
31122;Radiation_Si22G;32440;48.77895659;9.15962714;2020-06-10T09:43:55;89;112;;230;153932
31122;Radiation_Si22G;32440;48.77895659;9.15962714;2020-06-10T09:46:18;96;123;;238;148138
31122;Radiation_Si22G;32440;48.77895659;9.15962714;2020-06-10T09:49:06;83;133;;211;152168
31122;Radiation_Si22G;32440;48.77895659;9.15962714;2020-06-10T09:51:44;82;115;;204;149177
31122;Radiation_Si22G;32440;48.77895659;9.15962714;2020-06-10T09:53:52;77;107;;194;150779
31122;Radiation_Si22G;32440;48.77895659;9.15962714;2020-06-10T09:56:24;78;129;;197;149929
31122;Radiation_Si22G;32440;48.77895659;9.15962714;2020-06-10T09:59:03;87;127;;219;149711
31122;Radiation_Si22G;32440;48.77895659;9.15962714;2020-06-10T10:01:38;84;118;;211;150239
31122;Radiation_Si22G;32440;48.77895659;9.15962714;2020-06-10T10:04:02;90;111;;226;149964
31122;Radiation_Si22G;32440;48.77895659;9.15962714;2020-06-10T10:08:59;88;128;;221;150440
31122;Radiation_Si22G;32440;48.77895659;9.15962714;2020-06-10T10:11:39;79;122;;200;150143
31122;Radiation_Si22G;32440;48.77895659;9.15962714;2020-06-10T10:13:51;85;109;;215;150048
31122;Radiation_Si22G;32440;48.77895659;9.15962714;2020-06-10T10:16:21;73;130;;184;149423
31122;Radiation_Si22G;32440;48.77895659;9.15962714;2020-06-10T10:18:57;83;130;;210;150191
31122;Radiation_Si22G;32440;48.77895659;9.15962714;2020-06-10T10:21:25;87;124;;217;148941
31122;Radiation_Si22G;32440;48.77895659;9.15962714;2020-06-10T10:23:56;81;126;;204;149512
31122;Radiation_Si22G;32440;48.77895659;9.15962714;2020-06-10T10:26:30;73;125;;186;151466
31122;Radiation_Si22G;32440;48.77895659;9.15962714;2020-06-10T10:29:04;87;121;;218;149427
31122;Radiation_Si22G;32440;48.77895659;9.15962714;2020-06-10T10:31:28;86;117;;217;150892
31122;Radiation_Si22G;32440;48.77895659;9.15962714;2020-06-10T10:33:57;72;123;;180;149681
31122;Radiation_Si22G;32440;48.77895659;9.15962714;2020-06-10T10:36:18;81;123;;203;149095
31122;Radiation_Si22G;32440;48.77895659;9.15962714;2020-06-10T10:38:48;72;130;;184;151290
31122;Radiation_Si22G;32440;48.77895659;9.15962714;2020-06-10T10:41:26;83;133;;208;149535
31122;Radiation_Si22G;32440;48.77895659;9.15962714;2020-06-10T10:43:52;89;125;;220;147935
31122;Radiation_Si22G;32440;48.77895659;9.15962714;2020-06-10T10:46:12;80;129;;205;152520
31122;Radiation_Si22G;32440;48.77895659;9.15962714;2020-06-10T10:49:09;78;139;;195;149748
31122;Radiation_Si22G;32440;48.77895659;9.15962714;2020-06-10T10:51:32;81;112;;204;149914
31122;Radiation_Si22G;32440;48.77895659;9.15962714;2020-06-10T10:54:09;82;119;;207;149778
31122;Radiation_Si22G;32440;48.77895659;9.15962714;2020-06-10T10:56:27;77;112;;194;150203
31122;Radiation_Si22G;32440;48.77895659;9.15962714;2020-06-10T10:58:55;77;124;;192;149059
31122;Radiation_Si22G;32440;48.77895659;9.15962714;2020-06-10T11:01:39;79;126;;201;151261
31122;Radiation_Si22G;32440;48.77895659;9.15962714;2020-06-10T11:04:15;82;109;;205;149819
31122;Radiation_Si22G;32440;48.77895659;9.15962714;2020-06-10T11:06:39;72;106;;180;149802
31122;Radiation_Si22G;32440;48.77895659;9.15962714;2020-06-10T11:09:04;89;112;;224;150357
31122;Radiation_Si22G;32440;48.77895659;9.15962714;2020-06-10T11:11:24;77;113;;192;148373
31122;Radiation_Si22G;32440;48.77895659;9.15962714;2020-06-10T11:13:59;76;127;;192;151417
31122;Radiation_Si22G;32440;48.77895659;9.15962714;2020-06-10T11:16:25;90;122;;225;149747
31122;Radiation_Si22G;32440;48.77895659;9.15962714;2020-06-10T11:19:09;88;127;;220;149492
31122;Radiation_Si22G;32440;48.77895659;9.15962714;2020-06-10T11:21:38;86;112;;217;149752
31122;Radiation_Si22G;32440;48.77895659;9.15962714;2020-06-10T11:24:10;77;114;;193;149936
31122;Radiation_Si22G;32440;48.77895659;9.15962714;2020-06-10T11:26:33;82;111;;208;151416
31122;Radiation_Si22G;32440;48.77895659;9.15962714;2020-06-10T11:29:09;75;118;;187;148787
31122;Radiation_Si22G;32440;48.77895659;9.15962714;2020-06-10T11:31:21;94;112;;237;150635
31122;Radiation_Si22G;32440;48.77895659;9.15962714;2020-06-10T11:34:00;87;130;;216;148161
31122;Radiation_Si22G;32440;48.77895659;9.15962714;2020-06-10T11:36:26;84;121;;214;151473
31122;Radiation_Si22G;32440;48.77895659;9.15962714;2020-06-10T11:39:11;74;125;;188;150693
31122;Radiation_Si22G;32440;48.77895659;9.15962714;2020-06-10T11:41:37;81;110;;203;149165
31122;Radiation_Si22G;32440;48.77895659;9.15962714;2020-06-10T11:44:09;78;114;;198;150589
31122;Radiation_Si22G;32440;48.77895659;9.15962714;2020-06-10T11:46:29;86;112;;216;150232
31122;Radiation_Si22G;32440;48.77895659;9.15962714;2020-06-10T11:49:14;78;122;;194;148206
31122;Radiation_Si22G;32440;48.77895659;9.15962714;2020-06-10T11:51:35;74;105;;188;151353
31122;Radiation_Si22G;32440;48.77895659;9.15962714;2020-06-10T11:53:49;77;117;;193;149829
31122;Radiation_Si22G;32440;48.77895659;9.15962714;2020-06-10T11:56:16;90;132;;227;149677
31122;Radiation_Si22G;32440;48.77895659;9.15962714;2020-06-10T11:59:09;82;135;;207;150770
31122;Radiation_Si22G;32440;48.77895659;9.15962714;2020-06-10T12:01:21;78;111;;197;150421
31122;Radiation_Si22G;32440;48.77895659;9.15962714;2020-06-10T12:03:52;89;130;;222;149146
31122;Radiation_Si22G;32440;48.77895659;9.15962714;2020-06-10T12:06:22;71;129;;179;150650
31122;Radiation_Si22G;32440;48.77895659;9.15962714;2020-06-10T12:09:11;80;129;;200;149354
31122;Radiation_Si22G;32440;48.77895659;9.15962714;2020-06-10T12:11:24;77;110;;194;150268
31122;Radiation_Si22G;32440;48.77895659;9.15962714;2020-06-10T12:14:04;83;127;;208;149974
31122;Radiation_Si22G;32440;48.77895659;9.15962714;2020-06-10T12:16:33;80;116;;202;149743
31122;Radiation_Si22G;32440;48.77895659;9.15962714;2020-06-10T12:19:09;79;119;;198;150328
31122;Radiation_Si22G;32440;48.77895659;9.15962714;2020-06-10T12:21:42;77;109;;194;149746
31122;Radiation_Si22G;32440;48.77895659;9.15962714;2020-06-10T12:23:58;67;109;;169;150673
31122;Radiation_Si22G;32440;48.77895659;9.15962714;2020-06-10T12:26:39;95;122;;238;149213
31122;Radiation_Si22G;32440;48.77895659;9.15962714;2020-06-10T12:29:04;82;112;;204;148798
31122;Radiation_Si22G;32440;48.77895659;9.15962714;2020-06-10T12:31:27;79;117;;200;150406
31122;Radiation_Si22G;32440;48.77895659;9.15962714;2020-06-10T12:33:46;78;124;;198;151695
31122;Radiation_Si22G;32440;48.77895659;9.15962714;2020-06-10T12:36:19;89;135;;218;146639
31122;Radiation_Si22G;32440;48.77895659;9.15962714;2020-06-10T12:38:55;71;133;;183;153236
31122;Radiation_Si22G;32440;48.77895659;9.15962714;2020-06-10T12:41:41;73;122;;183;149558
31122;Radiation_Si22G;32440;48.77895659;9.15962714;2020-06-10T13:28:57;72;150;;180;149816
31122;Radiation_Si22G;32440;48.77895659;9.15962714;2020-06-10T13:31:34;76;125;;189;148202
31122;Radiation_Si22G;32440;48.77895659;9.15962714;2020-06-10T13:33:48;88;117;;224;151637
31122;Radiation_Si22G;32440;48.77895659;9.15962714;2020-06-10T13:36:39;91;133;;229;150300
31122;Radiation_Si22G;32440;48.77895659;9.15962714;2020-06-10T13:39:10;84;112;;210;149175
31122;Radiation_Si22G;32440;48.77895659;9.15962714;2020-06-10T13:41:18;85;111;;214;150102
31122;Radiation_Si22G;32440;48.77895659;9.15962714;2020-06-10T13:44:09;83;133;;209;150930
31122;Radiation_Si22G;32440;48.77895659;9.15962714;2020-06-10T13:46:24;70;112;;175;149843
31122;Radiation_Si22G;32440;48.77895659;9.15962714;2020-06-10T13:49:00;81;127;;204;150295
31122;Radiation_Si22G;32440;48.77895659;9.15962714;2020-06-10T13:51:12;90;121;;226;149730
31122;Radiation_Si22G;32440;48.77895659;9.15962714;2020-06-10T13:54:11;80;139;;202;149762
31122;Radiation_Si22G;32440;48.77895659;9.15962714;2020-06-10T13:56:29;81;111;;205;150456
31122;Radiation_Si22G;32440;48.77895659;9.15962714;2020-06-10T13:59:12;93;122;;234;149611
31122;Radiation_Si22G;32440;48.77895659;9.15962714;2020-06-10T14:01:28;75;109;;189;150230
31122;Radiation_Si22G;32440;48.77895659;9.15962714;2020-06-10T14:04:11;79;123;;193;145071
31122;Radiation_Si22G;32440;48.77895659;9.15962714;2020-06-10T14:06:17;84;111;;217;153633
31122;Radiation_Si22G;32440;48.77895659;9.15962714;2020-06-10T14:08:32;75;134;;190;150380
31122;Radiation_Si22G;32440;48.77895659;9.15962714;2020-06-10T14:11:03;86;150;;217;150562
31122;Radiation_Si22G;32440;48.77895659;9.15962714;2020-06-10T14:14:09;86;149;;215;149864
31122;Radiation_Si22G;32440;48.77895659;9.15962714;2020-06-10T14:16:37;85;112;;213;149221
31122;Radiation_Si22G;32440;48.77895659;9.15962714;2020-06-10T14:18:48;85;114;;217;151526
31122;Radiation_Si22G;32440;48.77895659;9.15962714;2020-06-10T14:21:34;80;133;;200;149770
31122;Radiation_Si22G;32440;48.77895659;9.15962714;2020-06-10T14:23:51;76;117;;190;148801
31122;Radiation_Si22G;32440;48.77895659;9.15962714;2020-06-10T14:26:27;86;130;;217;150141
31122;Radiation_Si22G;32440;48.77895659;9.15962714;2020-06-10T14:29:02;86;122;;217;150547
31122;Radiation_Si22G;32440;48.77895659;9.15962714;2020-06-10T14:31:39;82;118;;205;149946
31122;Radiation_Si22G;32440;48.77895659;9.15962714;2020-06-10T14:34:03;88;110;;222;150803
31122;Radiation_Si22G;32440;48.77895659;9.15962714;2020-06-10T14:36:18;82;118;;207;149999
31122;Radiation_Si22G;32440;48.77895659;9.15962714;2020-06-10T14:39:06;85;134;;210;148231
31122;Radiation_Si22G;32440;48.77895659;9.15962714;2020-06-10T14:41:39;82;118;;208;151233
31122;Radiation_Si22G;32440;48.77895659;9.15962714;2020-06-10T14:44:11;72;107;;181;149386
31122;Radiation_Si22G;32440;48.77895659;9.15962714;2020-06-10T14:46:41;90;110;;228;150407
31122;Radiation_Si22G;32440;48.77895659;9.15962714;2020-06-10T14:49:12;87;110;;219;150590
31122;Radiation_Si22G;32440;48.77895659;9.15962714;2020-06-10T14:51:37;77;109;;190;147277
31122;Radiation_Si22G;32440;48.77895659;9.15962714;2020-06-10T14:53:55;79;114;;202;151678
31122;Radiation_Si22G;32440;48.77895659;9.15962714;2020-06-10T14:56:31;83;126;;208;149833
31122;Radiation_Si22G;32440;48.77895659;9.15962714;2020-06-10T14:59:06;77;120;;196;151068
31122;Radiation_Si22G;32440;48.77895659;9.15962714;2020-06-10T15:01:39;82;115;;202;147330
31122;Radiation_Si22G;32440;48.77895659;9.15962714;2020-06-10T15:03:52;84;112;;215;152008
31122;Radiation_Si22G;32440;48.77895659;9.15962714;2020-06-10T15:06:26;80;129;;200;149757
31122;Radiation_Si22G;32440;48.77895659;9.15962714;2020-06-10T15:09:11;78;123;;196;150689
31122;Radiation_Si22G;32440;48.77895659;9.15962714;2020-06-10T15:11:39;75;110;;189;150225
31122;Radiation_Si22G;32440;48.77895659;9.15962714;2020-06-10T15:13:48;67;110;;169;149582
31122;Radiation_Si22G;32440;48.77895659;9.15962714;2020-06-10T15:16:42;82;133;;205;149861
31122;Radiation_Si22G;32440;48.77895659;9.15962714;2020-06-10T15:18:56;89;109;;224;149910
31122;Radiation_Si22G;32440;48.77895659;9.15962714;2020-06-10T15:21:33;74;126;;188;150531
31122;Radiation_Si22G;32440;48.77895659;9.15962714;2020-06-10T15:23:58;88;118;;221;150312
31122;Radiation_Si22G;32440;48.77895659;9.15962714;2020-06-10T15:26:26;82;119;;207;150007
31122;Radiation_Si22G;32440;48.77895659;9.15962714;2020-06-10T15:28:51;75;125;;189;149990
31122;Radiation_Si22G;32440;48.77895659;9.15962714;2020-06-10T15:31:24;75;130;;190;150100
31122;Radiation_Si22G;32440;48.77895659;9.15962714;2020-06-10T15:33:58;86;128;;215;149404
31122;Radiation_Si22G;32440;48.77895659;9.15962714;2020-06-10T15:36:26;80;123;;197;147112
31122;Radiation_Si22G;32440;48.77895659;9.15962714;2020-06-10T15:38:48;72;126;;186;153353
31122;Radiation_Si22G;32440;48.77895659;9.15962714;2020-06-10T15:41:34;87;133;;218;149330
31122;Radiation_Si22G;32440;48.77895659;9.15962714;2020-06-10T15:44:08;86;117;;216;150401
31122;Radiation_Si22G;32440;48.77895659;9.15962714;2020-06-10T15:46:15;76;113;;192;150133
31122;Radiation_Si22G;32440;48.77895659;9.15962714;2020-06-10T15:48:54;83;136;;208;149901
31122;Radiation_Si22G;32440;48.77895659;9.15962714;2020-06-10T15:51:33;85;127;;213;149895
31122;Radiation_Si22G;32440;48.77895659;9.15962714;2020-06-10T15:54:01;78;118;;197;150121
31122;Radiation_Si22G;32440;48.77895659;9.15962714;2020-06-10T15:56:39;84;120;;210;149594
31122;Radiation_Si22G;32440;48.77895659;9.15962714;2020-06-10T15:59:10;72;113;;183;150570
31122;Radiation_Si22G;32440;48.77895659;9.15962714;2020-06-10T16:01:40;81;111;;202;149428
31122;Radiation_Si22G;32440;48.77895659;9.15962714;2020-06-10T16:04:09;79;111;;197;148127
31122;Radiation_Si22G;32440;48.77895659;9.15962714;2020-06-10T16:06:39;86;112;;219;152099
31122;Radiation_Si22G;32440;48.77895659;9.15962714;2020-06-10T16:09:13;85;112;;214;149811
31122;Radiation_Si22G;32440;48.77895659;9.15962714;2020-06-10T16:11:40;80;103;;203;150719
31122;Radiation_Si22G;32440;48.77895659;9.15962714;2020-06-10T16:14:09;72;111;;180;148944
31122;Radiation_Si22G;32440;48.77895659;9.15962714;2020-06-10T16:16:45;82;112;;207;150165
31122;Radiation_Si22G;32440;48.77895659;9.15962714;2020-06-10T16:19:02;79;103;;200;150591
31122;Radiation_Si22G;32440;48.77895659;9.15962714;2020-06-10T16:21:38;78;116;;197;150193
31122;Radiation_Si22G;32440;48.77895659;9.15962714;2020-06-10T16:23:55;81;108;;203;149329
31122;Radiation_Si22G;32440;48.77895659;9.15962714;2020-06-10T16:26:51;72;126;;180;149866
31122;Radiation_Si22G;32440;48.77895659;9.15962714;2020-06-10T16:29:01;67;100;;168;150305
31122;Radiation_Si22G;32440;48.77895659;9.15962714;2020-06-10T16:31:36;80;119;;201;150548
31122;Radiation_Si22G;32440;48.77895659;9.15962714;2020-06-10T16:33:48;87;118;;217;148790
31122;Radiation_Si22G;32440;48.77895659;9.15962714;2020-06-10T16:36:34;72;133;;182;151125
31122;Radiation_Si22G;32440;48.77895659;9.15962714;2020-06-10T16:38:56;90;117;;225;149801
31122;Radiation_Si22G;32440;48.77895659;9.15962714;2020-06-10T16:41:24;82;126;;205;149253
31122;Radiation_Si22G;32440;48.77895659;9.15962714;2020-06-10T16:43:58;86;127;;217;151010
31122;Radiation_Si22G;32440;48.77895659;9.15962714;2020-06-10T16:46:24;79;123;;197;149587
31122;Radiation_Si22G;32440;48.77895659;9.15962714;2020-06-10T16:51:36;70;141;;175;148616
31122;Radiation_Si22G;32440;48.77895659;9.15962714;2020-06-10T16:54:10;82;113;;207;151129
31122;Radiation_Si22G;32440;48.77895659;9.15962714;2020-06-10T16:56:43;82;115;;205;148721
31122;Radiation_Si22G;32440;48.77895659;9.15962714;2020-06-10T16:58:57;73;105;;184;150925
31122;Radiation_Si22G;32440;48.77895659;9.15962714;2020-06-10T17:01:34;81;124;;203;148804
31122;Radiation_Si22G;32440;48.77895659;9.15962714;2020-06-10T17:04:02;77;114;;195;151023
31122;Radiation_Si22G;32440;48.77895659;9.15962714;2020-06-10T17:06:34;89;117;;222;149020
31122;Radiation_Si22G;32440;48.77895659;9.15962714;2020-06-10T17:09:09;85;115;;217;151453
31122;Radiation_Si22G;32440;48.77895659;9.15962714;2020-06-10T17:11:30;87;113;;218;149822
31122;Radiation_Si22G;32440;48.77895659;9.15962714;2020-06-10T17:14:17;79;119;;200;150589
31122;Radiation_Si22G;32440;48.77895659;9.15962714;2020-06-10T17:16:31;80;105;;202;149893
31122;Radiation_Si22G;32440;48.77895659;9.15962714;2020-06-10T17:18:56;81;120;;202;149222
31122;Radiation_Si22G;32440;48.77895659;9.15962714;2020-06-10T17:21:27;85;126;;214;150677
31122;Radiation_Si22G;32440;48.77895659;9.15962714;2020-06-10T17:24:09;83;124;;209;150344
31122;Radiation_Si22G;32440;48.77895659;9.15962714;2020-06-10T17:26:41;94;112;;231;147171
31122;Radiation_Si22G;32440;48.77895659;9.15962714;2020-06-10T17:29:07;87;111;;223;152637
31122;Radiation_Si22G;32440;48.77895659;9.15962714;2020-06-10T17:31:25;95;114;;239;149584
31122;Radiation_Si22G;32440;48.77895659;9.15962714;2020-06-10T17:34:14;78;126;;197;150577
31122;Radiation_Si22G;32440;48.77895659;9.15962714;2020-06-10T17:36:15;77;108;;193;149995
31122;Radiation_Si22G;32440;48.77895659;9.15962714;2020-06-10T17:39:11;82;137;;205;148889
31122;Radiation_Si22G;32440;48.77895659;9.15962714;2020-06-10T17:41:39;79;110;;197;149045
31122;Radiation_Si22G;32440;48.77895659;9.15962714;2020-06-10T17:44:03;83;112;;210;151507
31122;Radiation_Si22G;32440;48.77895659;9.15962714;2020-06-10T17:46:27;83;113;;208;149565
31122;Radiation_Si22G;32440;48.77895659;9.15962714;2020-06-10T17:49:05;84;124;;213;150741
31122;Radiation_Si22G;32440;48.77895659;9.15962714;2020-06-10T17:51:31;83;117;;209;149822
31122;Radiation_Si22G;32440;48.77895659;9.15962714;2020-06-10T17:54:09;86;120;;217;150364
31122;Radiation_Si22G;32440;48.77895659;9.15962714;2020-06-10T17:56:37;81;112;;204;149607
31122;Radiation_Si22G;32440;48.77895659;9.15962714;2020-06-10T17:58:58;78;114;;196;150254
31122;Radiation_Si22G;32440;48.77895659;9.15962714;2020-06-10T18:01:34;85;123;;211;148155
31122;Radiation_Si22G;32440;48.77895659;9.15962714;2020-06-10T18:04:09;83;114;;210;151274
31122;Radiation_Si22G;32440;48.77895659;9.15962714;2020-06-10T18:06:29;91;112;;229;150760
31122;Radiation_Si22G;32440;48.77895659;9.15962714;2020-06-10T18:08:56;79;122;;199;149549
31122;Radiation_Si22G;32440;48.77895659;9.15962714;2020-06-10T18:11:39;80;126;;199;148863
31122;Radiation_Si22G;32440;48.77895659;9.15962714;2020-06-10T18:13:56;79;112;;200;150068
31122;Radiation_Si22G;32440;48.77895659;9.15962714;2020-06-10T18:16:39;78;125;;197;150904
31122;Radiation_Si22G;32440;48.77895659;9.15962714;2020-06-10T18:18:56;78;109;;197;149930
31122;Radiation_Si22G;32440;48.77895659;9.15962714;2020-06-10T18:21:34;79;126;;201;150754
31122;Radiation_Si22G;32440;48.77895659;9.15962714;2020-06-10T18:24:09;85;117;;212;148254
31122;Radiation_Si22G;32440;48.77895659;9.15962714;2020-06-10T18:26:25;76;113;;194;151386
31122;Radiation_Si22G;32440;48.77895659;9.15962714;2020-06-10T18:29:00;84;126;;211;148965
31122;Radiation_Si22G;32440;48.77895659;9.15962714;2020-06-10T18:31:44;68;121;;173;151297
31122;Radiation_Si22G;32440;48.77895659;9.15962714;2020-06-10T18:34:00;81;108;;204;149640
31122;Radiation_Si22G;32440;48.77895659;9.15962714;2020-06-10T18:36:30;81;122;;205;150308
31122;Radiation_Si22G;32440;48.77895659;9.15962714;2020-06-10T18:39:06;79;121;;198;149807
31122;Radiation_Si22G;32440;48.77895659;9.15962714;2020-06-10T18:41:28;79;115;;197;149285
31122;Radiation_Si22G;32440;48.77895659;9.15962714;2020-06-10T18:44:09;73;123;;184;149873
31122;Radiation_Si22G;32440;48.77895659;9.15962714;2020-06-10T18:46:33;78;113;;197;149750
31122;Radiation_Si22G;32440;48.77895659;9.15962714;2020-06-10T18:48:51;84;118;;206;146597
31122;Radiation_Si22G;32440;48.77895659;9.15962714;2020-06-10T18:51:39;84;127;;219;154778
31122;Radiation_Si22G;32440;48.77895659;9.15962714;2020-06-10T18:53:46;83;112;;206;148873
31122;Radiation_Si22G;32440;48.77895659;9.15962714;2020-06-10T18:56:38;78;136;;197;150452
31122;Radiation_Si22G;32440;48.77895659;9.15962714;2020-06-10T18:58:56;98;114;;246;150279
31122;Radiation_Si22G;32440;48.77895659;9.15962714;2020-06-10T19:01:32;86;126;;214;149228
31122;Radiation_Si22G;32440;48.77895659;9.15962714;2020-06-10T19:04:09;88;120;;222;150188
31122;Radiation_Si22G;32440;48.77895659;9.15962714;2020-06-10T19:06:33;85;113;;214;150404
31122;Radiation_Si22G;32440;48.77895659;9.15962714;2020-06-10T19:08:48;88;119;;221;149901
31122;Radiation_Si22G;32440;48.77895659;9.15962714;2020-06-10T19:11:29;88;131;;221;150502
31122;Radiation_Si22G;32440;48.77895659;9.15962714;2020-06-10T19:14:09;86;123;;215;148459
31122;Radiation_Si22G;32440;48.77895659;9.15962714;2020-06-10T19:16:24;73;112;;185;151681
31122;Radiation_Si22G;32440;48.77895659;9.15962714;2020-06-10T19:18:59;89;127;;223;149359
31122;Radiation_Si22G;32440;48.77895659;9.15962714;2020-06-10T19:21:29;73;123;;184;149997
31122;Radiation_Si22G;32440;48.77895659;9.15962714;2020-06-10T19:24:04;81;120;;204;150688
31122;Radiation_Si22G;32440;48.77895659;9.15962714;2020-06-10T19:26:42;91;113;;228;149472
31122;Radiation_Si22G;32440;48.77895659;9.15962714;2020-06-10T19:28:54;79;107;;199;149314
31122;Radiation_Si22G;32440;48.77895659;9.15962714;2020-06-10T19:31:21;84;127;;212;150400
31122;Radiation_Si22G;32440;48.77895659;9.15962714;2020-06-10T19:34:12;75;130;;187;148698
31122;Radiation_Si22G;32440;48.77895659;9.15962714;2020-06-10T19:36:24;85;109;;216;151291
31122;Radiation_Si22G;32440;48.77895659;9.15962714;2020-06-10T19:39:00;81;127;;201;148870
31122;Radiation_Si22G;32440;48.77895659;9.15962714;2020-06-10T19:41:26;90;113;;229;151576
31122;Radiation_Si22G;32440;48.77895659;9.15962714;2020-06-10T19:44:17;79;150;;197;148802
31122;Radiation_Si22G;32440;48.77895659;9.15962714;2020-06-10T19:47:04;79;130;;199;150610
31122;Radiation_Si22G;32440;48.77895659;9.15962714;2020-06-10T19:49:26;82;114;;206;150461
31122;Radiation_Si22G;32440;48.77895659;9.15962714;2020-06-10T19:51:47;72;122;;182;150003
31122;Radiation_Si22G;32440;48.77895659;9.15962714;2020-06-10T19:54:23;80;130;;202;149968
31122;Radiation_Si22G;32440;48.77895659;9.15962714;2020-06-10T19:57:09;66;124;;164;148964
31122;Radiation_Si22G;32440;48.77895659;9.15962714;2020-06-10T19:59:26;80;108;;202;150528
31122;Radiation_Si22G;32440;48.77895659;9.15962714;2020-06-10T20:02:07;75;117;;189;150370
31122;Radiation_Si22G;32440;48.77895659;9.15962714;2020-06-10T20:04:38;81;111;;202;148975
31122;Radiation_Si22G;32440;48.77895659;9.15962714;2020-06-10T20:07:07;80;108;;203;151086
31122;Radiation_Si22G;32440;48.77895659;9.15962714;2020-06-10T20:09:39;73;110;;184;150092
31122;Radiation_Si22G;32440;48.77895659;9.15962714;2020-06-10T20:12:00;85;108;;215;150113
31122;Radiation_Si22G;32440;48.77895659;9.15962714;2020-06-10T20:14:29;82;117;;204;149148
31122;Radiation_Si22G;32440;48.77895659;9.15962714;2020-06-10T20:17:08;82;116;;207;150847
31122;Radiation_Si22G;32440;48.77895659;9.15962714;2020-06-10T20:19:42;83;110;;210;150016
31122;Radiation_Si22G;32440;48.77895659;9.15962714;2020-06-10T20:22:02;95;109;;237;149389
31122;Radiation_Si22G;32440;48.77895659;9.15962714;2020-06-10T20:24:34;85;116;;211;148513
31122;Radiation_Si22G;32440;48.77895659;9.15962714;2020-06-10T20:26:44;66;113;;168;150979
31122;Radiation_Si22G;32440;48.77895659;9.15962714;2020-06-10T20:29:17;76;133;;191;149982
31122;Radiation_Si22G;32440;48.77895659;9.15962714;2020-06-10T20:31:50;69;127;;171;147357
31122;Radiation_Si22G;32440;48.77895659;9.15962714;2020-06-10T20:34:38;75;127;;193;152971
31122;Radiation_Si22G;32440;48.77895659;9.15962714;2020-06-10T20:37:02;90;110;;226;150187
31122;Radiation_Si22G;32440;48.77895659;9.15962714;2020-06-10T20:39:44;87;115;;219;150299
31122;Radiation_Si22G;32440;48.77895659;9.15962714;2020-06-10T20:41:52;89;108;;223;149857
31122;Radiation_Si22G;32440;48.77895659;9.15962714;2020-06-10T20:44:20;80;122;;201;150084
31122;Radiation_Si22G;32440;48.77895659;9.15962714;2020-06-10T20:47:10;85;127;;211;148532
31122;Radiation_Si22G;32440;48.77895659;9.15962714;2020-06-10T20:49:41;83;108;;211;151841
31122;Radiation_Si22G;32440;48.77895659;9.15962714;2020-06-10T20:51:50;75;107;;184;145410
31122;Radiation_Si22G;32440;48.77895659;9.15962714;2020-06-10T20:54:25;79;126;;205;154294
31122;Radiation_Si22G;32440;48.77895659;9.15962714;2020-06-10T20:57:00;79;123;;198;149401
31122;Radiation_Si22G;32440;48.77895659;9.15962714;2020-06-10T20:59:34;80;117;;202;150425
31122;Radiation_Si22G;32440;48.77895659;9.15962714;2020-06-10T21:02:05;82;115;;206;149749
31122;Radiation_Si22G;32440;48.77895659;9.15962714;2020-06-10T21:04:18;81;113;;203;150015
31122;Radiation_Si22G;32440;48.77895659;9.15962714;2020-06-10T21:06:56;73;132;;185;150692
31122;Radiation_Si22G;32440;48.77895659;9.15962714;2020-06-10T21:09:33;83;118;;208;149752
31122;Radiation_Si22G;32440;48.77895659;9.15962714;2020-06-10T21:11:56;78;111;;196;150188
31122;Radiation_Si22G;32440;48.77895659;9.15962714;2020-06-10T21:14:32;74;122;;185;149485
31122;Radiation_Si22G;32440;48.77895659;9.15962714;2020-06-10T21:16:56;68;115;;171;149604
31122;Radiation_Si22G;32440;48.77895659;9.15962714;2020-06-10T21:19:13;90;122;;227;150321
31122;Radiation_Si22G;32440;48.77895659;9.15962714;2020-06-10T21:22:01;77;133;;194;149955
31122;Radiation_Si22G;32440;48.77895659;9.15962714;2020-06-10T21:24:29;72;117;;182;150557
31122;Radiation_Si22G;32440;48.77895659;9.15962714;2020-06-10T21:26:55;76;119;;192;149880
31122;Radiation_Si22G;32440;48.77895659;9.15962714;2020-06-10T21:29:29;77;123;;194;149429
31122;Radiation_Si22G;32440;48.77895659;9.15962714;2020-06-10T21:32:05;81;116;;205;150732
31122;Radiation_Si22G;32440;48.77895659;9.15962714;2020-06-10T21:34:23;86;112;;216;149825
31122;Radiation_Si22G;32440;48.77895659;9.15962714;2020-06-10T21:36:52;71;125;;177;148517
31122;Radiation_Si22G;32440;48.77895659;9.15962714;2020-06-10T21:39:32;77;125;;196;151760
31122;Radiation_Si22G;32440;48.77895659;9.15962714;2020-06-10T21:41:39;84;115;;210;148477
31122;Radiation_Si22G;32440;48.77895659;9.15962714;2020-06-10T21:44:17;82;139;;205;149859
31122;Radiation_Si22G;32440;48.77895659;9.15962714;2020-06-10T21:46:50;82;130;;209;151676
31122;Radiation_Si22G;32440;48.77895659;9.15962714;2020-06-10T21:49:20;83;124;;207;148114
31122;Radiation_Si22G;32440;48.77895659;9.15962714;2020-06-10T21:51:56;80;127;;204;151595
31122;Radiation_Si22G;32440;48.77895659;9.15962714;2020-06-10T21:54:12;74;121;;186;149892
31122;Radiation_Si22G;32440;48.77895659;9.15962714;2020-06-10T21:56:40;80;135;;200;148406
31122;Radiation_Si22G;32440;48.77895659;9.15962714;2020-06-10T21:59:11;89;137;;225;151149
31122;Radiation_Si22G;32440;48.77895659;9.15962714;2020-06-10T22:02:06;78;136;;194;149060
31122;Radiation_Si22G;32440;48.77895659;9.15962714;2020-06-10T22:04:38;69;107;;176;151318
31122;Radiation_Si22G;32440;48.77895659;9.15962714;2020-06-10T22:06:41;88;110;;221;149653
31122;Radiation_Si22G;32440;48.77895659;9.15962714;2020-06-10T22:09:27;82;136;;206;149566
31122;Radiation_Si22G;32440;48.77895659;9.15962714;2020-06-10T22:11:47;81;111;;206;150846
31122;Radiation_Si22G;32440;48.77895659;9.15962714;2020-06-10T22:14:18;69;130;;174;149849
31122;Radiation_Si22G;32440;48.77895659;9.15962714;2020-06-10T22:16:47;85;130;;213;150103
31122;Radiation_Si22G;32440;48.77895659;9.15962714;2020-06-10T22:19:22;77;129;;194;149919
31122;Radiation_Si22G;32440;48.77895659;9.15962714;2020-06-10T22:22:07;79;126;;197;149568
31122;Radiation_Si22G;32440;48.77895659;9.15962714;2020-06-10T22:24:20;78;111;;198;150447
31122;Radiation_Si22G;32440;48.77895659;9.15962714;2020-06-10T22:26:45;89;127;;223;149312
31122;Radiation_Si22G;32440;48.77895659;9.15962714;2020-06-10T22:29:26;69;132;;176;150859
31122;Radiation_Si22G;32440;48.77895659;9.15962714;2020-06-10T22:32:16;83;120;;208;149830
31122;Radiation_Si22G;32440;48.77895659;9.15962714;2020-06-10T22:34:20;83;103;;208;150324
31122;Radiation_Si22G;32440;48.77895659;9.15962714;2020-06-10T22:36:55;82;127;;205;149644
31122;Radiation_Si22G;32440;48.77895659;9.15962714;2020-06-10T22:39:17;83;123;;206;148889
31122;Radiation_Si22G;32440;48.77895659;9.15962714;2020-06-10T22:41:38;76;121;;193;151231
31122;Radiation_Si22G;32440;48.77895659;9.15962714;2020-06-10T22:44:05;81;139;;205;150161
31122;Radiation_Si22G;32440;48.77895659;9.15962714;2020-06-10T22:46:37;79;143;;198;150226
31122;Radiation_Si22G;32440;48.77895659;9.15962714;2020-06-10T22:49:06;78;138;;197;149821
31122;Radiation_Si22G;32440;48.77895659;9.15962714;2020-06-10T22:51:52;79;138;;198;149916
31122;Radiation_Si22G;32440;48.77895659;9.15962714;2020-06-10T22:54:36;84;126;;209;148730
31122;Radiation_Si22G;32440;48.77895659;9.15962714;2020-06-10T22:56:53;89;112;;225;151020
31122;Radiation_Si22G;32440;48.77895659;9.15962714;2020-06-10T22:59:20;78;125;;196;150115
31122;Radiation_Si22G;32440;48.77895659;9.15962714;2020-06-10T23:01:41;76;128;;192;150217
31122;Radiation_Si22G;32440;48.77895659;9.15962714;2020-06-10T23:04:35;75;136;;188;150138
31122;Radiation_Si22G;32440;48.77895659;9.15962714;2020-06-10T23:07:05;79;112;;196;147408
31122;Radiation_Si22G;32440;48.77895659;9.15962714;2020-06-10T23:09:15;92;112;;233;151539
31122;Radiation_Si22G;32440;48.77895659;9.15962714;2020-06-10T23:11:50;80;131;;203;151094
31122;Radiation_Si22G;32440;48.77895659;9.15962714;2020-06-10T23:14:31;89;125;;221;148736
31122;Radiation_Si22G;32440;48.77895659;9.15962714;2020-06-10T23:16:35;86;116;;217;151251
31122;Radiation_Si22G;32440;48.77895659;9.15962714;2020-06-10T23:19:04;79;143;;199;149696
31122;Radiation_Si22G;32440;48.77895659;9.15962714;2020-06-10T23:21:34;83;141;;210;150182
31122;Radiation_Si22G;32440;48.77895659;9.15962714;2020-06-10T23:24:11;78;144;;194;149156
31122;Radiation_Si22G;32440;48.77895659;9.15962714;2020-06-10T23:26:44;78;137;;197;149727
31122;Radiation_Si22G;32440;48.77895659;9.15962714;2020-06-10T23:29:20;74;133;;186;150397
31122;Radiation_Si22G;32440;48.77895659;9.15962714;2020-06-10T23:31:56;83;127;;209;149438
31122;Radiation_Si22G;32440;48.77895659;9.15962714;2020-06-10T23:34:28;72;121;;181;148962
31122;Radiation_Si22G;32440;48.77895659;9.15962714;2020-06-10T23:37:05;73;120;;186;151696
31122;Radiation_Si22G;32440;48.77895659;9.15962714;2020-06-10T23:39:25;85;112;;212;149254
31122;Radiation_Si22G;32440;48.77895659;9.15962714;2020-06-10T23:41:56;80;121;;203;151467
31122;Radiation_Si22G;32440;48.77895659;9.15962714;2020-06-10T23:44:34;75;121;;188;149623
31122;Radiation_Si22G;32440;48.77895659;9.15962714;2020-06-10T23:47:05;76;114;;192;150035
31122;Radiation_Si22G;32440;48.77895659;9.15962714;2020-06-10T23:49:24;80;113;;198;148358
31122;Radiation_Si22G;32440;48.77895659;9.15962714;2020-06-10T23:52:01;72;123;;182;150301
31122;Radiation_Si22G;32440;48.77895659;9.15962714;2020-06-10T23:54:37;81;117;;206;151467
31122;Radiation_Si22G;32440;48.77895659;9.15962714;2020-06-10T23:57:08;72;107;;180;149579
31122;Radiation_Si22G;32440;48.77895659;9.15962714;2020-06-10T23:59:21;87;110;;220;150680
