sensor_id;sensor_type;location;lat;lon;timestamp;pressure;altitude;pressure_sealevel;temperature
20165;BMP180;10242;50.526;9.710;2020-06-10T00:01:56;97761.00;;;13.10
20165;BMP180;10242;50.526;9.710;2020-06-10T00:04:41;97761.00;;;13.00
20165;BMP180;10242;50.526;9.710;2020-06-10T00:07:28;97756.00;;;13.00
20165;BMP180;10242;50.526;9.710;2020-06-10T00:10:07;97752.00;;;13.00
20165;BMP180;10242;50.526;9.710;2020-06-10T00:12:48;97758.00;;;13.00
20165;BMP180;10242;50.526;9.710;2020-06-10T00:15:33;97750.00;;;13.10
20165;BMP180;10242;50.526;9.710;2020-06-10T00:18:14;97744.00;;;13.00
20165;BMP180;10242;50.526;9.710;2020-06-10T00:20:53;97744.00;;;13.00
20165;BMP180;10242;50.526;9.710;2020-06-10T00:23:34;97738.00;;;13.00
20165;BMP180;10242;50.526;9.710;2020-06-10T00:26:16;97746.00;;;12.90
20165;BMP180;10242;50.526;9.710;2020-06-10T00:29:09;97735.00;;;12.80
20165;BMP180;10242;50.526;9.710;2020-06-10T00:32:08;97745.00;;;12.80
20165;BMP180;10242;50.526;9.710;2020-06-10T00:34:47;97746.00;;;12.80
20165;BMP180;10242;50.526;9.710;2020-06-10T00:37:38;97746.00;;;12.70
20165;BMP180;10242;50.526;9.710;2020-06-10T00:40:32;97734.00;;;12.80
20165;BMP180;10242;50.526;9.710;2020-06-10T00:43:11;97732.00;;;12.80
20165;BMP180;10242;50.526;9.710;2020-06-10T00:45:51;97723.00;;;12.80
20165;BMP180;10242;50.526;9.710;2020-06-10T00:48:42;97721.00;;;12.80
20165;BMP180;10242;50.526;9.710;2020-06-10T00:51:23;97715.00;;;12.70
20165;BMP180;10242;50.526;9.710;2020-06-10T00:54:00;97716.00;;;12.60
20165;BMP180;10242;50.526;9.710;2020-06-10T00:56:37;97721.00;;;12.50
20165;BMP180;10242;50.526;9.710;2020-06-10T00:59:19;97721.00;;;12.50
20165;BMP180;10242;50.526;9.710;2020-06-10T01:02:01;97714.00;;;12.60
20165;BMP180;10242;50.526;9.710;2020-06-10T01:04:54;97728.00;;;12.70
20165;BMP180;10242;50.526;9.710;2020-06-10T01:07:37;97711.00;;;12.70
20165;BMP180;10242;50.526;9.710;2020-06-10T01:10:26;97710.00;;;12.60
20165;BMP180;10242;50.526;9.710;2020-06-10T01:13:11;97714.00;;;12.60
20165;BMP180;10242;50.526;9.710;2020-06-10T01:15:56;97712.00;;;12.70
20165;BMP180;10242;50.526;9.710;2020-06-10T01:18:40;97722.00;;;12.80
20165;BMP180;10242;50.526;9.710;2020-06-10T01:21:22;97713.00;;;12.70
20165;BMP180;10242;50.526;9.710;2020-06-10T01:23:54;97714.00;;;12.80
20165;BMP180;10242;50.526;9.710;2020-06-10T01:26:36;97713.00;;;12.80
20165;BMP180;10242;50.526;9.710;2020-06-10T01:29:22;97706.00;;;12.80
20165;BMP180;10242;50.526;9.710;2020-06-10T01:32:17;97698.00;;;12.90
20165;BMP180;10242;50.526;9.710;2020-06-10T01:34:59;97703.00;;;12.90
20165;BMP180;10242;50.526;9.710;2020-06-10T01:37:30;97700.00;;;12.90
20165;BMP180;10242;50.526;9.710;2020-06-10T01:40:21;97704.00;;;12.90
20165;BMP180;10242;50.526;9.710;2020-06-10T01:43:06;97700.00;;;12.70
20165;BMP180;10242;50.526;9.710;2020-06-10T01:45:41;97692.00;;;12.70
20165;BMP180;10242;50.526;9.710;2020-06-10T01:48:22;97688.00;;;12.70
20165;BMP180;10242;50.526;9.710;2020-06-10T01:50:59;97684.00;;;12.70
20165;BMP180;10242;50.526;9.710;2020-06-10T01:53:47;97685.00;;;12.70
20165;BMP180;10242;50.526;9.710;2020-06-10T01:56:28;97679.00;;;12.70
20165;BMP180;10242;50.526;9.710;2020-06-10T01:59:21;97680.00;;;12.70
20165;BMP180;10242;50.526;9.710;2020-06-10T02:01:56;97678.00;;;12.70
20165;BMP180;10242;50.526;9.710;2020-06-10T02:04:46;97675.00;;;12.70
20165;BMP180;10242;50.526;9.710;2020-06-10T02:07:25;97674.00;;;12.60
20165;BMP180;10242;50.526;9.710;2020-06-10T02:10:06;97673.00;;;12.70
20165;BMP180;10242;50.526;9.710;2020-06-10T02:12:45;97674.00;;;12.70
20165;BMP180;10242;50.526;9.710;2020-06-10T02:15:23;97670.00;;;12.70
20165;BMP180;10242;50.526;9.710;2020-06-10T02:18:20;97663.00;;;12.80
20165;BMP180;10242;50.526;9.710;2020-06-10T02:20:50;97662.00;;;12.80
20165;BMP180;10242;50.526;9.710;2020-06-10T02:23:24;97665.00;;;12.70
20165;BMP180;10242;50.526;9.710;2020-06-10T02:25:51;97662.00;;;12.80
20165;BMP180;10242;50.526;9.710;2020-06-10T02:28:19;97664.00;;;12.70
20165;BMP180;10242;50.526;9.710;2020-06-10T02:30:54;97663.00;;;12.70
20165;BMP180;10242;50.526;9.710;2020-06-10T02:33:26;97669.00;;;12.70
20165;BMP180;10242;50.526;9.710;2020-06-10T02:35:58;97666.00;;;12.80
20165;BMP180;10242;50.526;9.710;2020-06-10T02:38:28;97667.00;;;12.70
20165;BMP180;10242;50.526;9.710;2020-06-10T02:40:58;97666.00;;;12.70
20165;BMP180;10242;50.526;9.710;2020-06-10T02:43:27;97671.00;;;12.70
20165;BMP180;10242;50.526;9.710;2020-06-10T02:45:56;97675.00;;;12.60
20165;BMP180;10242;50.526;9.710;2020-06-10T02:48:38;97666.00;;;12.60
20165;BMP180;10242;50.526;9.710;2020-06-10T02:51:14;97670.00;;;12.50
20165;BMP180;10242;50.526;9.710;2020-06-10T02:54:00;97675.00;;;12.50
20165;BMP180;10242;50.526;9.710;2020-06-10T02:56:41;97667.00;;;12.50
20165;BMP180;10242;50.526;9.710;2020-06-10T02:59:26;97660.00;;;12.50
20165;BMP180;10242;50.526;9.710;2020-06-10T03:02:10;97665.00;;;12.60
20165;BMP180;10242;50.526;9.710;2020-06-10T03:04:55;97667.00;;;12.60
20165;BMP180;10242;50.526;9.710;2020-06-10T03:07:44;97655.00;;;12.60
20165;BMP180;10242;50.526;9.710;2020-06-10T03:10:36;97667.00;;;12.60
20165;BMP180;10242;50.526;9.710;2020-06-10T03:13:24;97661.00;;;12.50
20165;BMP180;10242;50.526;9.710;2020-06-10T03:16:15;97667.00;;;12.60
20165;BMP180;10242;50.526;9.710;2020-06-10T03:19:02;97662.00;;;12.60
20165;BMP180;10242;50.526;9.710;2020-06-10T03:21:34;97674.00;;;12.70
20165;BMP180;10242;50.526;9.710;2020-06-10T03:24:06;97673.00;;;12.70
20165;BMP180;10242;50.526;9.710;2020-06-10T03:26:35;97664.00;;;12.80
20165;BMP180;10242;50.526;9.710;2020-06-10T03:29:05;97672.00;;;12.70
20165;BMP180;10242;50.526;9.710;2020-06-10T03:31:37;97671.00;;;12.80
20165;BMP180;10242;50.526;9.710;2020-06-10T03:34:31;97670.00;;;12.80
20165;BMP180;10242;50.526;9.710;2020-06-10T03:37:16;97674.00;;;12.80
20165;BMP180;10242;50.526;9.710;2020-06-10T03:39:54;97676.00;;;12.70
20165;BMP180;10242;50.526;9.710;2020-06-10T03:42:35;97674.00;;;12.70
20165;BMP180;10242;50.526;9.710;2020-06-10T03:45:19;97666.00;;;12.60
20165;BMP180;10242;50.526;9.710;2020-06-10T03:48:04;97669.00;;;12.50
20165;BMP180;10242;50.526;9.710;2020-06-10T03:50:49;97670.00;;;12.40
20165;BMP180;10242;50.526;9.710;2020-06-10T03:53:33;97667.00;;;12.40
20165;BMP180;10242;50.526;9.710;2020-06-10T03:56:11;97667.00;;;12.40
20165;BMP180;10242;50.526;9.710;2020-06-10T03:58:56;97664.00;;;12.50
20165;BMP180;10242;50.526;9.710;2020-06-10T04:01:41;97673.00;;;12.50
20165;BMP180;10242;50.526;9.710;2020-06-10T04:04:26;97669.00;;;12.50
20165;BMP180;10242;50.526;9.710;2020-06-10T04:07:07;97671.00;;;12.50
20165;BMP180;10242;50.526;9.710;2020-06-10T04:09:52;97661.00;;;12.40
20165;BMP180;10242;50.526;9.710;2020-06-10T04:12:52;97665.00;;;12.50
20165;BMP180;10242;50.526;9.710;2020-06-10T04:15:40;97664.00;;;12.50
20165;BMP180;10242;50.526;9.710;2020-06-10T04:18:24;97663.00;;;12.50
20165;BMP180;10242;50.526;9.710;2020-06-10T04:21:23;97663.00;;;12.50
20165;BMP180;10242;50.526;9.710;2020-06-10T04:24:03;97668.00;;;12.50
20165;BMP180;10242;50.526;9.710;2020-06-10T04:26:38;97662.00;;;12.50
20165;BMP180;10242;50.526;9.710;2020-06-10T04:29:18;97663.00;;;12.50
20165;BMP180;10242;50.526;9.710;2020-06-10T04:31:58;97656.00;;;12.50
20165;BMP180;10242;50.526;9.710;2020-06-10T04:34:43;97661.00;;;12.50
20165;BMP180;10242;50.526;9.710;2020-06-10T04:37:26;97666.00;;;12.50
20165;BMP180;10242;50.526;9.710;2020-06-10T04:40:07;97655.00;;;12.50
20165;BMP180;10242;50.526;9.710;2020-06-10T04:42:49;97655.00;;;12.50
20165;BMP180;10242;50.526;9.710;2020-06-10T04:45:28;97659.00;;;12.50
20165;BMP180;10242;50.526;9.710;2020-06-10T04:48:12;97658.00;;;12.50
20165;BMP180;10242;50.526;9.710;2020-06-10T04:50:51;97656.00;;;12.50
20165;BMP180;10242;50.526;9.710;2020-06-10T04:53:34;97658.00;;;12.50
20165;BMP180;10242;50.526;9.710;2020-06-10T04:56:12;97659.00;;;12.50
20165;BMP180;10242;50.526;9.710;2020-06-10T04:58:58;97664.00;;;12.50
20165;BMP180;10242;50.526;9.710;2020-06-10T05:01:40;97660.00;;;12.60
20165;BMP180;10242;50.526;9.710;2020-06-10T05:04:36;97660.00;;;12.50
20165;BMP180;10242;50.526;9.710;2020-06-10T05:07:18;97652.00;;;12.60
20165;BMP180;10242;50.526;9.710;2020-06-10T05:09:59;97651.00;;;12.60
20165;BMP180;10242;50.526;9.710;2020-06-10T05:12:46;97656.00;;;12.60
20165;BMP180;10242;50.526;9.710;2020-06-10T05:15:35;97655.00;;;12.50
20165;BMP180;10242;50.526;9.710;2020-06-10T05:18:28;97657.00;;;12.60
20165;BMP180;10242;50.526;9.710;2020-06-10T05:21:07;97652.00;;;12.60
20165;BMP180;10242;50.526;9.710;2020-06-10T05:23:56;97661.00;;;12.70
20165;BMP180;10242;50.526;9.710;2020-06-10T05:26:41;97660.00;;;12.70
20165;BMP180;10242;50.526;9.710;2020-06-10T05:29:32;97664.00;;;12.70
20165;BMP180;10242;50.526;9.710;2020-06-10T05:32:17;97657.00;;;12.60
20165;BMP180;10242;50.526;9.710;2020-06-10T05:34:58;97664.00;;;12.60
20165;BMP180;10242;50.526;9.710;2020-06-10T05:37:42;97659.00;;;12.70
20165;BMP180;10242;50.526;9.710;2020-06-10T05:40:25;97658.00;;;12.70
20165;BMP180;10242;50.526;9.710;2020-06-10T05:43:07;97661.00;;;12.70
20165;BMP180;10242;50.526;9.710;2020-06-10T05:45:50;97655.00;;;12.80
20165;BMP180;10242;50.526;9.710;2020-06-10T05:48:28;97657.00;;;12.80
20165;BMP180;10242;50.526;9.710;2020-06-10T05:51:12;97656.00;;;12.80
20165;BMP180;10242;50.526;9.710;2020-06-10T05:53:49;97650.00;;;12.60
20165;BMP180;10242;50.526;9.710;2020-06-10T05:56:31;97656.00;;;12.70
20165;BMP180;10242;50.526;9.710;2020-06-10T05:59:08;97652.00;;;12.70
20165;BMP180;10242;50.526;9.710;2020-06-10T06:01:42;97653.00;;;12.80
20165;BMP180;10242;50.526;9.710;2020-06-10T06:04:27;97653.00;;;12.70
20165;BMP180;10242;50.526;9.710;2020-06-10T06:07:11;97656.00;;;12.80
20165;BMP180;10242;50.526;9.710;2020-06-10T06:10:05;97649.00;;;12.80
20165;BMP180;10242;50.526;9.710;2020-06-10T06:12:49;97643.00;;;12.80
20165;BMP180;10242;50.526;9.710;2020-06-10T06:15:37;97641.00;;;12.80
20165;BMP180;10242;50.526;9.710;2020-06-10T06:18:11;97647.00;;;12.70
20165;BMP180;10242;50.526;9.710;2020-06-10T06:20:46;97647.00;;;12.70
20165;BMP180;10242;50.526;9.710;2020-06-10T06:23:20;97642.00;;;12.70
20165;BMP180;10242;50.526;9.710;2020-06-10T06:26:04;97636.00;;;12.80
20165;BMP180;10242;50.526;9.710;2020-06-10T06:28:42;97640.00;;;12.80
20165;BMP180;10242;50.526;9.710;2020-06-10T06:31:19;97644.00;;;12.80
20165;BMP180;10242;50.526;9.710;2020-06-10T06:34:01;97649.00;;;12.90
20165;BMP180;10242;50.526;9.710;2020-06-10T06:36:47;97650.00;;;13.00
20165;BMP180;10242;50.526;9.710;2020-06-10T06:39:30;97655.00;;;12.90
20165;BMP180;10242;50.526;9.710;2020-06-10T06:42:12;97646.00;;;12.90
20165;BMP180;10242;50.526;9.710;2020-06-10T06:44:56;97651.00;;;13.00
20165;BMP180;10242;50.526;9.710;2020-06-10T06:47:37;97651.00;;;13.00
20165;BMP180;10242;50.526;9.710;2020-06-10T06:50:22;97653.00;;;13.00
20165;BMP180;10242;50.526;9.710;2020-06-10T06:53:15;97655.00;;;13.10
20165;BMP180;10242;50.526;9.710;2020-06-10T06:55:48;97657.00;;;13.10
20165;BMP180;10242;50.526;9.710;2020-06-10T06:58:24;97653.00;;;13.10
20165;BMP180;10242;50.526;9.710;2020-06-10T07:00:59;97654.00;;;13.10
20165;BMP180;10242;50.526;9.710;2020-06-10T07:03:47;97658.00;;;13.20
20165;BMP180;10242;50.526;9.710;2020-06-10T07:06:22;97661.00;;;13.00
20165;BMP180;10242;50.526;9.710;2020-06-10T07:09:07;97657.00;;;13.00
20165;BMP180;10242;50.526;9.710;2020-06-10T07:11:48;97658.00;;;13.10
20165;BMP180;10242;50.526;9.710;2020-06-10T07:14:29;97656.00;;;13.10
20165;BMP180;10242;50.526;9.710;2020-06-10T07:17:12;97652.00;;;13.00
20165;BMP180;10242;50.526;9.710;2020-06-10T07:19:58;97656.00;;;13.10
20165;BMP180;10242;50.526;9.710;2020-06-10T07:22:41;97656.00;;;13.10
20165;BMP180;10242;50.526;9.710;2020-06-10T07:25:31;97657.00;;;13.30
20165;BMP180;10242;50.526;9.710;2020-06-10T07:28:07;97652.00;;;13.30
20165;BMP180;10242;50.526;9.710;2020-06-10T07:31:02;97656.00;;;13.20
20165;BMP180;10242;50.526;9.710;2020-06-10T07:33:46;97649.00;;;13.20
20165;BMP180;10242;50.526;9.710;2020-06-10T07:36:30;97651.00;;;13.10
20165;BMP180;10242;50.526;9.710;2020-06-10T07:39:14;97654.00;;;13.10
20165;BMP180;10242;50.526;9.710;2020-06-10T07:42:00;97642.00;;;13.00
20165;BMP180;10242;50.526;9.710;2020-06-10T07:44:44;97639.00;;;13.00
20165;BMP180;10242;50.526;9.710;2020-06-10T07:47:31;97638.00;;;13.00
20165;BMP180;10242;50.526;9.710;2020-06-10T07:50:14;97643.00;;;13.00
20165;BMP180;10242;50.526;9.710;2020-06-10T07:52:54;97643.00;;;13.00
20165;BMP180;10242;50.526;9.710;2020-06-10T07:55:29;97643.00;;;13.00
20165;BMP180;10242;50.526;9.710;2020-06-10T07:58:23;97644.00;;;13.00
20165;BMP180;10242;50.526;9.710;2020-06-10T08:01:08;97636.00;;;13.10
20165;BMP180;10242;50.526;9.710;2020-06-10T08:03:49;97637.00;;;13.10
20165;BMP180;10242;50.526;9.710;2020-06-10T08:06:30;97641.00;;;13.10
20165;BMP180;10242;50.526;9.710;2020-06-10T08:09:09;97639.00;;;13.10
20165;BMP180;10242;50.526;9.710;2020-06-10T08:11:56;97640.00;;;13.10
20165;BMP180;10242;50.526;9.710;2020-06-10T08:14:31;97640.00;;;13.10
20165;BMP180;10242;50.526;9.710;2020-06-10T08:17:23;97638.00;;;13.10
20165;BMP180;10242;50.526;9.710;2020-06-10T08:20:12;97648.00;;;13.10
20165;BMP180;10242;50.526;9.710;2020-06-10T08:22:54;97645.00;;;13.20
20165;BMP180;10242;50.526;9.710;2020-06-10T08:25:39;97648.00;;;13.30
20165;BMP180;10242;50.526;9.710;2020-06-10T08:28:20;97652.00;;;13.30
20165;BMP180;10242;50.526;9.710;2020-06-10T08:30:54;97647.00;;;13.20
20165;BMP180;10242;50.526;9.710;2020-06-10T08:33:36;97651.00;;;13.30
20165;BMP180;10242;50.526;9.710;2020-06-10T08:36:20;97641.00;;;13.20
20165;BMP180;10242;50.526;9.710;2020-06-10T08:39:01;97645.00;;;13.30
20165;BMP180;10242;50.526;9.710;2020-06-10T08:41:39;97646.00;;;13.20
20165;BMP180;10242;50.526;9.710;2020-06-10T08:44:29;97638.00;;;13.30
20165;BMP180;10242;50.526;9.710;2020-06-10T08:47:10;97627.00;;;13.30
20165;BMP180;10242;50.526;9.710;2020-06-10T08:49:52;97628.00;;;13.30
20165;BMP180;10242;50.526;9.710;2020-06-10T08:52:33;97628.00;;;13.40
20165;BMP180;10242;50.526;9.710;2020-06-10T08:55:07;97629.00;;;13.40
20165;BMP180;10242;50.526;9.710;2020-06-10T08:57:46;97632.00;;;13.50
20165;BMP180;10242;50.526;9.710;2020-06-10T09:00:30;97635.00;;;13.60
20165;BMP180;10242;50.526;9.710;2020-06-10T09:03:15;97626.00;;;13.60
20165;BMP180;10242;50.526;9.710;2020-06-10T09:05:54;97631.00;;;13.70
20165;BMP180;10242;50.526;9.710;2020-06-10T09:08:34;97626.00;;;13.70
20165;BMP180;10242;50.526;9.710;2020-06-10T09:11:15;97620.00;;;13.80
20165;BMP180;10242;50.526;9.710;2020-06-10T09:14:02;97614.00;;;13.70
20165;BMP180;10242;50.526;9.710;2020-06-10T09:16:47;97613.00;;;13.80
20165;BMP180;10242;50.526;9.710;2020-06-10T09:19:33;97612.00;;;13.80
20165;BMP180;10242;50.526;9.710;2020-06-10T09:22:13;97602.00;;;13.90
20165;BMP180;10242;50.526;9.710;2020-06-10T09:24:47;97611.00;;;13.90
20165;BMP180;10242;50.526;9.710;2020-06-10T09:27:31;97611.00;;;13.90
20165;BMP180;10242;50.526;9.710;2020-06-10T09:30:12;97613.00;;;13.90
20165;BMP180;10242;50.526;9.710;2020-06-10T09:33:05;97618.00;;;13.90
20165;BMP180;10242;50.526;9.710;2020-06-10T09:35:44;97621.00;;;14.00
20165;BMP180;10242;50.526;9.710;2020-06-10T09:38:29;97613.00;;;14.00
20165;BMP180;10242;50.526;9.710;2020-06-10T09:41:13;97613.00;;;14.10
20165;BMP180;10242;50.526;9.710;2020-06-10T09:43:57;97617.00;;;14.20
20165;BMP180;10242;50.526;9.710;2020-06-10T09:46:44;97609.00;;;14.30
20165;BMP180;10242;50.526;9.710;2020-06-10T09:49:28;97608.00;;;14.30
20165;BMP180;10242;50.526;9.710;2020-06-10T09:52:13;97605.00;;;14.30
20165;BMP180;10242;50.526;9.710;2020-06-10T09:55:01;97599.00;;;14.30
20165;BMP180;10242;50.526;9.710;2020-06-10T09:57:51;97598.00;;;14.20
20165;BMP180;10242;50.526;9.710;2020-06-10T10:00:34;97603.00;;;14.40
20165;BMP180;10242;50.526;9.710;2020-06-10T10:03:18;97597.00;;;14.30
20165;BMP180;10242;50.526;9.710;2020-06-10T10:06:03;97589.00;;;14.40
20165;BMP180;10242;50.526;9.710;2020-06-10T10:08:44;97596.00;;;14.50
20165;BMP180;10242;50.526;9.710;2020-06-10T10:11:29;97593.00;;;14.50
20165;BMP180;10242;50.526;9.710;2020-06-10T10:14:08;97594.00;;;14.70
20165;BMP180;10242;50.526;9.710;2020-06-10T10:16:49;97582.00;;;14.80
20165;BMP180;10242;50.526;9.710;2020-06-10T10:19:26;97581.00;;;14.80
20165;BMP180;10242;50.526;9.710;2020-06-10T10:22:13;97584.00;;;15.00
20165;BMP180;10242;50.526;9.710;2020-06-10T10:24:48;97584.00;;;15.00
20165;BMP180;10242;50.526;9.710;2020-06-10T10:27:30;97577.00;;;15.10
20165;BMP180;10242;50.526;9.710;2020-06-10T10:30:08;97571.00;;;15.00
20165;BMP180;10242;50.526;9.710;2020-06-10T10:32:44;97573.00;;;15.30
20165;BMP180;10242;50.526;9.710;2020-06-10T10:35:26;97571.00;;;15.40
20165;BMP180;10242;50.526;9.710;2020-06-10T10:38:09;97569.00;;;15.70
20165;BMP180;10242;50.526;9.710;2020-06-10T10:40:54;97573.00;;;16.10
20165;BMP180;10242;50.526;9.710;2020-06-10T10:43:39;97574.00;;;16.30
20165;BMP180;10242;50.526;9.710;2020-06-10T10:46:29;97568.00;;;16.30
20165;BMP180;10242;50.526;9.710;2020-06-10T10:49:19;97566.00;;;16.30
20165;BMP180;10242;50.526;9.710;2020-06-10T10:51:55;97554.00;;;16.40
20165;BMP180;10242;50.526;9.710;2020-06-10T10:54:45;97554.00;;;16.50
20165;BMP180;10242;50.526;9.710;2020-06-10T10:57:23;97560.00;;;16.20
20165;BMP180;10242;50.526;9.710;2020-06-10T11:00:07;97562.00;;;16.40
20165;BMP180;10242;50.526;9.710;2020-06-10T11:02:51;97560.00;;;16.50
20165;BMP180;10242;50.526;9.710;2020-06-10T11:05:35;97555.00;;;16.50
20165;BMP180;10242;50.526;9.710;2020-06-10T11:08:28;97559.00;;;16.50
20165;BMP180;10242;50.526;9.710;2020-06-10T11:11:13;97563.00;;;16.60
20165;BMP180;10242;50.526;9.710;2020-06-10T11:13:54;97562.00;;;16.40
20165;BMP180;10242;50.526;9.710;2020-06-10T11:16:41;97570.00;;;16.40
20165;BMP180;10242;50.526;9.710;2020-06-10T11:19:34;97559.00;;;16.50
20165;BMP180;10242;50.526;9.710;2020-06-10T11:22:18;97552.00;;;16.40
20165;BMP180;10242;50.526;9.710;2020-06-10T11:24:54;97556.00;;;16.70
20165;BMP180;10242;50.526;9.710;2020-06-10T11:27:39;97554.00;;;16.50
20165;BMP180;10242;50.526;9.710;2020-06-10T11:30:17;97557.00;;;16.70
20165;BMP180;10242;50.526;9.710;2020-06-10T11:32:55;97553.00;;;16.70
20165;BMP180;10242;50.526;9.710;2020-06-10T11:35:24;97554.00;;;16.30
20165;BMP180;10242;50.526;9.710;2020-06-10T11:38:17;97556.00;;;16.50
20165;BMP180;10242;50.526;9.710;2020-06-10T11:40:56;97558.00;;;16.50
20165;BMP180;10242;50.526;9.710;2020-06-10T11:43:41;97560.00;;;16.70
20165;BMP180;10242;50.526;9.710;2020-06-10T11:46:26;97567.00;;;16.70
20165;BMP180;10242;50.526;9.710;2020-06-10T11:49:10;97572.00;;;16.90
20165;BMP180;10242;50.526;9.710;2020-06-10T11:51:44;97567.00;;;17.00
20165;BMP180;10242;50.526;9.710;2020-06-10T11:54:13;97562.00;;;17.00
20165;BMP180;10242;50.526;9.710;2020-06-10T11:56:57;97564.00;;;16.60
20165;BMP180;10242;50.526;9.710;2020-06-10T11:59:51;97568.00;;;16.70
20165;BMP180;10242;50.526;9.710;2020-06-10T12:02:41;97573.00;;;16.90
20165;BMP180;10242;50.526;9.710;2020-06-10T12:05:26;97571.00;;;17.00
20165;BMP180;10242;50.526;9.710;2020-06-10T12:08:23;97569.00;;;16.90
20165;BMP180;10242;50.526;9.710;2020-06-10T12:11:01;97576.00;;;17.20
20165;BMP180;10242;50.526;9.710;2020-06-10T12:13:40;97559.00;;;17.00
20165;BMP180;10242;50.526;9.710;2020-06-10T12:16:21;97557.00;;;17.30
20165;BMP180;10242;50.526;9.710;2020-06-10T12:19:01;97554.00;;;17.10
20165;BMP180;10242;50.526;9.710;2020-06-10T12:21:46;97552.00;;;17.40
20165;BMP180;10242;50.526;9.710;2020-06-10T12:24:27;97544.00;;;17.60
20165;BMP180;10242;50.526;9.710;2020-06-10T12:27:11;97543.00;;;17.90
20165;BMP180;10242;50.526;9.710;2020-06-10T12:29:44;97538.00;;;17.90
20165;BMP180;10242;50.526;9.710;2020-06-10T12:32:34;97543.00;;;18.00
20165;BMP180;10242;50.526;9.710;2020-06-10T12:35:19;97537.00;;;18.00
20165;BMP180;10242;50.526;9.710;2020-06-10T12:38:00;97537.00;;;18.10
20165;BMP180;10242;50.526;9.710;2020-06-10T12:40:47;97533.00;;;18.00
20165;BMP180;10242;50.526;9.710;2020-06-10T12:43:28;97537.00;;;17.90
20165;BMP180;10242;50.526;9.710;2020-06-10T12:46:09;97543.00;;;17.90
20165;BMP180;10242;50.526;9.710;2020-06-10T12:48:52;97533.00;;;17.90
20165;BMP180;10242;50.526;9.710;2020-06-10T12:51:33;97526.00;;;18.10
20165;BMP180;10242;50.526;9.710;2020-06-10T12:54:26;97531.00;;;18.30
20165;BMP180;10242;50.526;9.710;2020-06-10T12:57:02;97532.00;;;18.10
20165;BMP180;10242;50.526;9.710;2020-06-10T12:59:43;97520.00;;;18.00
20165;BMP180;10242;50.526;9.710;2020-06-10T13:02:44;97523.00;;;18.40
20165;BMP180;10242;50.526;9.710;2020-06-10T13:05:26;97532.00;;;18.10
20165;BMP180;10242;50.526;9.710;2020-06-10T13:08:02;97531.00;;;18.20
20165;BMP180;10242;50.526;9.710;2020-06-10T13:10:38;97533.00;;;18.40
20165;BMP180;10242;50.526;9.710;2020-06-10T13:13:19;97539.00;;;18.40
20165;BMP180;10242;50.526;9.710;2020-06-10T13:16:01;97536.00;;;18.20
20165;BMP180;10242;50.526;9.710;2020-06-10T13:18:45;97529.00;;;18.10
20165;BMP180;10242;50.526;9.710;2020-06-10T13:21:30;97530.00;;;17.90
20165;BMP180;10242;50.526;9.710;2020-06-10T13:24:23;97526.00;;;17.80
20165;BMP180;10242;50.526;9.710;2020-06-10T13:26:57;97531.00;;;17.80
20165;BMP180;10242;50.526;9.710;2020-06-10T13:29:38;97532.00;;;17.50
20165;BMP180;10242;50.526;9.710;2020-06-10T13:32:23;97533.00;;;18.00
20165;BMP180;10242;50.526;9.710;2020-06-10T13:35:14;97531.00;;;18.10
20165;BMP180;10242;50.526;9.710;2020-06-10T13:37:58;97526.00;;;18.10
20165;BMP180;10242;50.526;9.710;2020-06-10T13:40:52;97520.00;;;18.20
20165;BMP180;10242;50.526;9.710;2020-06-10T13:43:30;97517.00;;;18.20
20165;BMP180;10242;50.526;9.710;2020-06-10T13:46:14;97524.00;;;18.50
20165;BMP180;10242;50.526;9.710;2020-06-10T13:49:01;97532.00;;;18.50
20165;BMP180;10242;50.526;9.710;2020-06-10T13:51:51;97533.00;;;18.20
20165;BMP180;10242;50.526;9.710;2020-06-10T13:54:40;97521.00;;;18.10
20165;BMP180;10242;50.526;9.710;2020-06-10T13:57:21;97524.00;;;17.90
20165;BMP180;10242;50.526;9.710;2020-06-10T14:00:12;97526.00;;;17.70
20165;BMP180;10242;50.526;9.710;2020-06-10T14:02:57;97523.00;;;17.70
20165;BMP180;10242;50.526;9.710;2020-06-10T14:05:47;97517.00;;;17.80
20165;BMP180;10242;50.526;9.710;2020-06-10T14:08:31;97521.00;;;18.00
20165;BMP180;10242;50.526;9.710;2020-06-10T14:10:57;97518.00;;;18.10
20165;BMP180;10242;50.526;9.710;2020-06-10T14:13:22;97526.00;;;18.20
20165;BMP180;10242;50.526;9.710;2020-06-10T14:16:09;97531.00;;;18.10
20165;BMP180;10242;50.526;9.710;2020-06-10T14:18:49;97529.00;;;17.90
20165;BMP180;10242;50.526;9.710;2020-06-10T14:21:38;97523.00;;;18.00
20165;BMP180;10242;50.526;9.710;2020-06-10T14:24:16;97527.00;;;18.00
20165;BMP180;10242;50.526;9.710;2020-06-10T14:26:54;97522.00;;;17.70
20165;BMP180;10242;50.526;9.710;2020-06-10T14:29:42;97519.00;;;17.60
20165;BMP180;10242;50.526;9.710;2020-06-10T14:32:22;97522.00;;;17.50
20165;BMP180;10242;50.526;9.710;2020-06-10T14:35:09;97527.00;;;17.60
20165;BMP180;10242;50.526;9.710;2020-06-10T14:37:53;97518.00;;;17.60
20165;BMP180;10242;50.526;9.710;2020-06-10T14:40:37;97512.00;;;17.60
20165;BMP180;10242;50.526;9.710;2020-06-10T14:43:22;97504.00;;;17.40
20165;BMP180;10242;50.526;9.710;2020-06-10T14:46:03;97502.00;;;17.60
20165;BMP180;10242;50.526;9.710;2020-06-10T14:48:56;97504.00;;;17.70
20165;BMP180;10242;50.526;9.710;2020-06-10T14:51:44;97503.00;;;17.80
20165;BMP180;10242;50.526;9.710;2020-06-10T14:54:39;97513.00;;;17.70
20165;BMP180;10242;50.526;9.710;2020-06-10T14:57:24;97510.00;;;17.90
20165;BMP180;10242;50.526;9.710;2020-06-10T15:00:11;97504.00;;;17.70
20165;BMP180;10242;50.526;9.710;2020-06-10T15:02:52;97498.00;;;17.80
20165;BMP180;10242;50.526;9.710;2020-06-10T15:05:25;97495.00;;;17.80
20165;BMP180;10242;50.526;9.710;2020-06-10T15:08:07;97497.00;;;17.70
20165;BMP180;10242;50.526;9.710;2020-06-10T15:10:53;97490.00;;;17.80
20165;BMP180;10242;50.526;9.710;2020-06-10T15:13:30;97485.00;;;18.00
20165;BMP180;10242;50.526;9.710;2020-06-10T15:16:09;97482.00;;;18.20
20165;BMP180;10242;50.526;9.710;2020-06-10T15:18:54;97487.00;;;18.30
20165;BMP180;10242;50.526;9.710;2020-06-10T15:21:35;97479.00;;;18.00
20165;BMP180;10242;50.526;9.710;2020-06-10T15:24:16;97478.00;;;18.00
20165;BMP180;10242;50.526;9.710;2020-06-10T15:26:57;97492.00;;;18.10
20165;BMP180;10242;50.526;9.710;2020-06-10T15:29:38;97482.00;;;18.00
20165;BMP180;10242;50.526;9.710;2020-06-10T15:32:25;97487.00;;;18.00
20165;BMP180;10242;50.526;9.710;2020-06-10T15:35:10;97484.00;;;18.00
20165;BMP180;10242;50.526;9.710;2020-06-10T15:37:53;97491.00;;;17.90
20165;BMP180;10242;50.526;9.710;2020-06-10T15:40:40;97485.00;;;17.60
20165;BMP180;10242;50.526;9.710;2020-06-10T15:43:25;97488.00;;;17.60
20165;BMP180;10242;50.526;9.710;2020-06-10T15:46:08;97483.00;;;17.50
20165;BMP180;10242;50.526;9.710;2020-06-10T15:48:58;97485.00;;;17.50
20165;BMP180;10242;50.526;9.710;2020-06-10T15:51:39;97481.00;;;17.30
20165;BMP180;10242;50.526;9.710;2020-06-10T15:54:23;97482.00;;;17.30
20165;BMP180;10242;50.526;9.710;2020-06-10T15:57:07;97494.00;;;17.40
20165;BMP180;10242;50.526;9.710;2020-06-10T15:59:52;97491.00;;;17.60
20165;BMP180;10242;50.526;9.710;2020-06-10T16:02:45;97493.00;;;17.60
20165;BMP180;10242;50.526;9.710;2020-06-10T16:05:32;97494.00;;;17.30
20165;BMP180;10242;50.526;9.710;2020-06-10T16:08:19;97490.00;;;17.30
20165;BMP180;10242;50.526;9.710;2020-06-10T16:11:01;97488.00;;;17.20
20165;BMP180;10242;50.526;9.710;2020-06-10T16:13:48;97495.00;;;17.20
20165;BMP180;10242;50.526;9.710;2020-06-10T16:16:32;97495.00;;;17.20
20165;BMP180;10242;50.526;9.710;2020-06-10T16:19:32;97496.00;;;17.00
20165;BMP180;10242;50.526;9.710;2020-06-10T16:22:19;97492.00;;;17.00
20165;BMP180;10242;50.526;9.710;2020-06-10T16:25:08;97486.00;;;16.70
20165;BMP180;10242;50.526;9.710;2020-06-10T16:27:54;97495.00;;;16.60
20165;BMP180;10242;50.526;9.710;2020-06-10T16:30:35;97492.00;;;16.50
20165;BMP180;10242;50.526;9.710;2020-06-10T16:33:26;97499.00;;;16.50
20165;BMP180;10242;50.526;9.710;2020-06-10T16:36:20;97496.00;;;16.40
20165;BMP180;10242;50.526;9.710;2020-06-10T16:39:01;97497.00;;;16.30
20165;BMP180;10242;50.526;9.710;2020-06-10T16:41:48;97497.00;;;16.20
20165;BMP180;10242;50.526;9.710;2020-06-10T16:44:29;97494.00;;;16.10
20165;BMP180;10242;50.526;9.710;2020-06-10T16:47:14;97489.00;;;16.20
20165;BMP180;10242;50.526;9.710;2020-06-10T16:49:59;97491.00;;;16.20
20165;BMP180;10242;50.526;9.710;2020-06-10T16:52:43;97487.00;;;16.20
20165;BMP180;10242;50.526;9.710;2020-06-10T16:55:26;97488.00;;;16.30
20165;BMP180;10242;50.526;9.710;2020-06-10T16:57:57;97486.00;;;16.40
20165;BMP180;10242;50.526;9.710;2020-06-10T17:00:40;97485.00;;;16.40
20165;BMP180;10242;50.526;9.710;2020-06-10T17:03:24;97478.00;;;16.60
20165;BMP180;10242;50.526;9.710;2020-06-10T17:06:17;97488.00;;;16.60
20165;BMP180;10242;50.526;9.710;2020-06-10T17:09:01;97484.00;;;16.50
20165;BMP180;10242;50.526;9.710;2020-06-10T17:11:45;97485.00;;;16.20
20165;BMP180;10242;50.526;9.710;2020-06-10T17:14:25;97481.00;;;16.20
20165;BMP180;10242;50.526;9.710;2020-06-10T17:17:05;97475.00;;;16.40
20165;BMP180;10242;50.526;9.710;2020-06-10T17:19:46;97467.00;;;16.30
20165;BMP180;10242;50.526;9.710;2020-06-10T17:22:30;97471.00;;;16.20
20165;BMP180;10242;50.526;9.710;2020-06-10T17:25:10;97476.00;;;16.40
20165;BMP180;10242;50.526;9.710;2020-06-10T17:28:00;97468.00;;;16.50
20165;BMP180;10242;50.526;9.710;2020-06-10T17:30:37;97466.00;;;16.30
20165;BMP180;10242;50.526;9.710;2020-06-10T17:33:31;97467.00;;;16.20
20165;BMP180;10242;50.526;9.710;2020-06-10T17:36:15;97466.00;;;16.10
20165;BMP180;10242;50.526;9.710;2020-06-10T17:39:11;97472.00;;;16.00
20165;BMP180;10242;50.526;9.710;2020-06-10T17:41:58;97467.00;;;16.10
20165;BMP180;10242;50.526;9.710;2020-06-10T17:44:43;97464.00;;;15.90
20165;BMP180;10242;50.526;9.710;2020-06-10T17:47:23;97467.00;;;15.90
20165;BMP180;10242;50.526;9.710;2020-06-10T17:50:12;97464.00;;;15.80
20165;BMP180;10242;50.526;9.710;2020-06-10T17:52:58;97463.00;;;15.90
20165;BMP180;10242;50.526;9.710;2020-06-10T17:55:42;97465.00;;;15.90
20165;BMP180;10242;50.526;9.710;2020-06-10T17:58:30;97461.00;;;15.90
20165;BMP180;10242;50.526;9.710;2020-06-10T18:01:11;97463.00;;;15.80
20165;BMP180;10242;50.526;9.710;2020-06-10T18:03:52;97466.00;;;15.70
20165;BMP180;10242;50.526;9.710;2020-06-10T18:06:29;97461.00;;;15.80
20165;BMP180;10242;50.526;9.710;2020-06-10T18:09:09;97470.00;;;15.90
20165;BMP180;10242;50.526;9.710;2020-06-10T18:11:45;97469.00;;;15.90
20165;BMP180;10242;50.526;9.710;2020-06-10T18:14:30;97475.00;;;15.90
20165;BMP180;10242;50.526;9.710;2020-06-10T18:17:14;97471.00;;;15.90
20165;BMP180;10242;50.526;9.710;2020-06-10T18:19:55;97471.00;;;15.90
20165;BMP180;10242;50.526;9.710;2020-06-10T18:22:42;97467.00;;;15.80
20165;BMP180;10242;50.526;9.710;2020-06-10T18:25:18;97470.00;;;15.70
20165;BMP180;10242;50.526;9.710;2020-06-10T18:28:02;97468.00;;;15.70
20165;BMP180;10242;50.526;9.710;2020-06-10T18:30:45;97460.00;;;15.70
20165;BMP180;10242;50.526;9.710;2020-06-10T18:33:25;97466.00;;;15.70
20165;BMP180;10242;50.526;9.710;2020-06-10T18:36:12;97462.00;;;15.70
20165;BMP180;10242;50.526;9.710;2020-06-10T18:38:50;97468.00;;;15.60
20165;BMP180;10242;50.526;9.710;2020-06-10T18:41:28;97462.00;;;15.60
20165;BMP180;10242;50.526;9.710;2020-06-10T18:44:09;97465.00;;;15.40
20165;BMP180;10242;50.526;9.710;2020-06-10T18:46:49;97465.00;;;15.50
20165;BMP180;10242;50.526;9.710;2020-06-10T18:49:29;97466.00;;;15.50
20165;BMP180;10242;50.526;9.710;2020-06-10T18:52:13;97463.00;;;15.30
20165;BMP180;10242;50.526;9.710;2020-06-10T18:54:57;97464.00;;;15.30
20165;BMP180;10242;50.526;9.710;2020-06-10T18:57:36;97453.00;;;15.30
20165;BMP180;10242;50.526;9.710;2020-06-10T19:00:40;97455.00;;;15.30
20165;BMP180;10242;50.526;9.710;2020-06-10T19:03:21;97455.00;;;15.30
20165;BMP180;10242;50.526;9.710;2020-06-10T19:06:06;97463.00;;;15.30
20165;BMP180;10242;50.526;9.710;2020-06-10T19:08:47;97462.00;;;15.30
20165;BMP180;10242;50.526;9.710;2020-06-10T19:11:30;97471.00;;;15.20
20165;BMP180;10242;50.526;9.710;2020-06-10T19:14:10;97469.00;;;15.20
20165;BMP180;10242;50.526;9.710;2020-06-10T19:17:09;97467.00;;;15.10
20165;BMP180;10242;50.526;9.710;2020-06-10T19:19:53;97461.00;;;15.00
20165;BMP180;10242;50.526;9.710;2020-06-10T19:22:35;97464.00;;;15.00
20165;BMP180;10242;50.526;9.710;2020-06-10T19:25:24;97463.00;;;15.00
20165;BMP180;10242;50.526;9.710;2020-06-10T19:28:17;97469.00;;;15.00
20165;BMP180;10242;50.526;9.710;2020-06-10T19:30:56;97464.00;;;15.00
20165;BMP180;10242;50.526;9.710;2020-06-10T19:33:49;97473.00;;;15.00
20165;BMP180;10242;50.526;9.710;2020-06-10T19:36:33;97476.00;;;15.00
20165;BMP180;10242;50.526;9.710;2020-06-10T19:39:14;97471.00;;;14.90
20165;BMP180;10242;50.526;9.710;2020-06-10T19:41:59;97465.00;;;14.90
20165;BMP180;10242;50.526;9.710;2020-06-10T19:44:44;97471.00;;;14.80
20165;BMP180;10242;50.526;9.710;2020-06-10T19:47:29;97470.00;;;14.80
20165;BMP180;10242;50.526;9.710;2020-06-10T19:50:13;97465.00;;;14.80
20165;BMP180;10242;50.526;9.710;2020-06-10T19:52:55;97480.00;;;14.80
20165;BMP180;10242;50.526;9.710;2020-06-10T19:55:30;97480.00;;;14.80
20165;BMP180;10242;50.526;9.710;2020-06-10T19:58:17;97477.00;;;14.70
20165;BMP180;10242;50.526;9.710;2020-06-10T20:00:53;97486.00;;;14.70
20165;BMP180;10242;50.526;9.710;2020-06-10T20:03:38;97486.00;;;14.70
20165;BMP180;10242;50.526;9.710;2020-06-10T20:06:22;97487.00;;;14.70
20165;BMP180;10242;50.526;9.710;2020-06-10T20:09:06;97489.00;;;14.60
20165;BMP180;10242;50.526;9.710;2020-06-10T20:11:46;97485.00;;;14.50
20165;BMP180;10242;50.526;9.710;2020-06-10T20:14:30;97496.00;;;14.50
20165;BMP180;10242;50.526;9.710;2020-06-10T20:17:10;97497.00;;;14.50
20165;BMP180;10242;50.526;9.710;2020-06-10T20:19:54;97500.00;;;14.40
20165;BMP180;10242;50.526;9.710;2020-06-10T20:22:39;97498.00;;;13.90
20165;BMP180;10242;50.526;9.710;2020-06-10T20:25:24;97497.00;;;13.80
20165;BMP180;10242;50.526;9.710;2020-06-10T20:28:03;97493.00;;;13.80
20165;BMP180;10242;50.526;9.710;2020-06-10T20:30:46;97502.00;;;13.90
20165;BMP180;10242;50.526;9.710;2020-06-10T20:33:31;97499.00;;;14.00
20165;BMP180;10242;50.526;9.710;2020-06-10T20:36:15;97504.00;;;14.00
20165;BMP180;10242;50.526;9.710;2020-06-10T20:39:07;97502.00;;;14.00
20165;BMP180;10242;50.526;9.710;2020-06-10T20:41:44;97495.00;;;14.10
20165;BMP180;10242;50.526;9.710;2020-06-10T20:44:25;97495.00;;;14.00
20165;BMP180;10242;50.526;9.710;2020-06-10T20:47:01;97492.00;;;14.10
20165;BMP180;10242;50.526;9.710;2020-06-10T20:49:40;97495.00;;;14.00
20165;BMP180;10242;50.526;9.710;2020-06-10T20:52:34;97495.00;;;14.00
20165;BMP180;10242;50.526;9.710;2020-06-10T20:55:15;97495.00;;;13.90
20165;BMP180;10242;50.526;9.710;2020-06-10T20:58:00;97494.00;;;13.90
20165;BMP180;10242;50.526;9.710;2020-06-10T21:00:51;97487.00;;;13.90
20165;BMP180;10242;50.526;9.710;2020-06-10T21:03:35;97495.00;;;13.80
20165;BMP180;10242;50.526;9.710;2020-06-10T21:06:21;97500.00;;;13.80
20165;BMP180;10242;50.526;9.710;2020-06-10T21:09:32;97498.00;;;13.80
20165;BMP180;10242;50.526;9.710;2020-06-10T21:12:27;97498.00;;;13.80
20165;BMP180;10242;50.526;9.710;2020-06-10T21:15:12;97487.00;;;13.70
20165;BMP180;10242;50.526;9.710;2020-06-10T21:18:04;97492.00;;;13.70
20165;BMP180;10242;50.526;9.710;2020-06-10T21:21:02;97492.00;;;13.80
20165;BMP180;10242;50.526;9.710;2020-06-10T21:23:48;97492.00;;;13.80
20165;BMP180;10242;50.526;9.710;2020-06-10T21:26:15;97484.00;;;13.80
20165;BMP180;10242;50.526;9.710;2020-06-10T21:28:43;97471.00;;;13.80
20165;BMP180;10242;50.526;9.710;2020-06-10T21:31:40;97480.00;;;13.80
20165;BMP180;10242;50.526;9.710;2020-06-10T21:34:24;97477.00;;;13.80
20165;BMP180;10242;50.526;9.710;2020-06-10T21:37:05;97478.00;;;13.70
20165;BMP180;10242;50.526;9.710;2020-06-10T21:39:47;97486.00;;;13.70
20165;BMP180;10242;50.526;9.710;2020-06-10T21:42:21;97488.00;;;13.70
20165;BMP180;10242;50.526;9.710;2020-06-10T21:44:51;97488.00;;;13.70
20165;BMP180;10242;50.526;9.710;2020-06-10T21:47:21;97482.00;;;13.70
20165;BMP180;10242;50.526;9.710;2020-06-10T21:50:02;97485.00;;;13.70
20165;BMP180;10242;50.526;9.710;2020-06-10T21:52:34;97479.00;;;13.70
20165;BMP180;10242;50.526;9.710;2020-06-10T21:55:07;97483.00;;;13.70
20165;BMP180;10242;50.526;9.710;2020-06-10T21:57:35;97478.00;;;13.70
20165;BMP180;10242;50.526;9.710;2020-06-10T22:00:06;97476.00;;;13.60
20165;BMP180;10242;50.526;9.710;2020-06-10T22:02:52;97465.00;;;13.60
20165;BMP180;10242;50.526;9.710;2020-06-10T22:05:38;97462.00;;;13.60
20165;BMP180;10242;50.526;9.710;2020-06-10T22:08:33;97457.00;;;13.50
20165;BMP180;10242;50.526;9.710;2020-06-10T22:11:18;97459.00;;;13.50
20165;BMP180;10242;50.526;9.710;2020-06-10T22:14:09;97454.00;;;13.60
20165;BMP180;10242;50.526;9.710;2020-06-10T22:16:59;97454.00;;;13.50
20165;BMP180;10242;50.526;9.710;2020-06-10T22:19:33;97449.00;;;13.50
20165;BMP180;10242;50.526;9.710;2020-06-10T22:22:13;97459.00;;;13.50
20165;BMP180;10242;50.526;9.710;2020-06-10T22:24:58;97453.00;;;13.50
20165;BMP180;10242;50.526;9.710;2020-06-10T22:27:40;97453.00;;;13.50
20165;BMP180;10242;50.526;9.710;2020-06-10T22:30:19;97444.00;;;13.50
20165;BMP180;10242;50.526;9.710;2020-06-10T22:32:55;97438.00;;;13.50
20165;BMP180;10242;50.526;9.710;2020-06-10T22:35:30;97439.00;;;13.50
20165;BMP180;10242;50.526;9.710;2020-06-10T22:38:04;97436.00;;;13.50
20165;BMP180;10242;50.526;9.710;2020-06-10T22:40:46;97441.00;;;13.50
20165;BMP180;10242;50.526;9.710;2020-06-10T22:43:31;97437.00;;;13.50
20165;BMP180;10242;50.526;9.710;2020-06-10T22:45:58;97438.00;;;13.50
20165;BMP180;10242;50.526;9.710;2020-06-10T22:49:03;97437.00;;;13.50
20165;BMP180;10242;50.526;9.710;2020-06-10T22:51:30;97430.00;;;13.50
20165;BMP180;10242;50.526;9.710;2020-06-10T22:54:15;97433.00;;;13.40
20165;BMP180;10242;50.526;9.710;2020-06-10T22:57:07;97434.00;;;13.40
20165;BMP180;10242;50.526;9.710;2020-06-10T22:59:55;97431.00;;;13.40
20165;BMP180;10242;50.526;9.710;2020-06-10T23:02:55;97427.00;;;13.40
20165;BMP180;10242;50.526;9.710;2020-06-10T23:05:39;97422.00;;;13.50
20165;BMP180;10242;50.526;9.710;2020-06-10T23:08:24;97422.00;;;13.50
20165;BMP180;10242;50.526;9.710;2020-06-10T23:11:04;97425.00;;;13.50
20165;BMP180;10242;50.526;9.710;2020-06-10T23:13:53;97418.00;;;13.50
20165;BMP180;10242;50.526;9.710;2020-06-10T23:16:29;97422.00;;;13.50
20165;BMP180;10242;50.526;9.710;2020-06-10T23:18:56;97424.00;;;13.50
20165;BMP180;10242;50.526;9.710;2020-06-10T23:21:23;97421.00;;;13.50
20165;BMP180;10242;50.526;9.710;2020-06-10T23:23:49;97417.00;;;13.50
20165;BMP180;10242;50.526;9.710;2020-06-10T23:26:34;97417.00;;;13.40
20165;BMP180;10242;50.526;9.710;2020-06-10T23:29:03;97415.00;;;13.40
20165;BMP180;10242;50.526;9.710;2020-06-10T23:31:48;97408.00;;;13.40
20165;BMP180;10242;50.526;9.710;2020-06-10T23:34:39;97408.00;;;13.50
20165;BMP180;10242;50.526;9.710;2020-06-10T23:37:29;97414.00;;;13.50
20165;BMP180;10242;50.526;9.710;2020-06-10T23:40:10;97413.00;;;13.50
20165;BMP180;10242;50.526;9.710;2020-06-10T23:42:56;97406.00;;;13.50
20165;BMP180;10242;50.526;9.710;2020-06-10T23:45:41;97406.00;;;13.40
20165;BMP180;10242;50.526;9.710;2020-06-10T23:48:22;97402.00;;;13.40
20165;BMP180;10242;50.526;9.710;2020-06-10T23:51:10;97401.00;;;13.40
20165;BMP180;10242;50.526;9.710;2020-06-10T23:54:06;97401.00;;;13.40
20165;BMP180;10242;50.526;9.710;2020-06-10T23:56:54;97400.00;;;13.40
20165;BMP180;10242;50.526;9.710;2020-06-10T23:59:38;97397.00;;;13.40
